{ Using PSTWRITER 16.6.0 d001May-10-2026 at 11:17:24 }

#1 WARNING(ORCAP-36038): "No_connect" property on Pin "13K9.6" ignored for 13K9: SCHEMATIC1, P0131_S13_DUT (596.90, 353.06). Connecting pin to net "S13_SCL".
#2 WARNING(ORCAP-36038): "No_connect" property on Pin "1K9.5" ignored for 1K9: SCHEMATIC1, P0011_S1_DUT (596.90, 353.06). Connecting pin to net "S1_SCL_K9R".
#3 WARNING(ORCAP-36038): "No_connect" property on Pin "1K14.5" ignored for 1K14: SCHEMATIC1, P0011_S1_DUT (551.18, 106.68). Connecting pin to net "HDVI_975_13-CH39S".
#4 WARNING(ORCAP-36038): "No_connect" property on Pin "13K14.6" ignored for 13K14: SCHEMATIC1, P0131_S13_DUT (551.18, 106.68). Connecting pin to net "S13_NCHG / ATB0_S".
#5 WARNING(ORCAP-36038): "No_connect" property on Pin "1K13.6" ignored for 1K13: SCHEMATIC1, P0011_S1_DUT (314.96, 96.52). Connecting pin to net "S1_NPG / ATB1_S".
#6 WARNING(ORCAP-36038): "No_connect" property on Pin "1K13.5" ignored for 1K13: SCHEMATIC1, P0011_S1_DUT (314.96, 96.52). Connecting pin to net "HDVI_974_13-CH38S".
#7 WARNING(ORCAP-36038): "No_connect" property on Pin "1K8.5" ignored for 1K8: SCHEMATIC1, P0011_S1_DUT (698.50, 261.62). Connecting pin to net "N19419031".
#8 WARNING(ORCAP-36038): "No_connect" property on Pin "11K14.5" ignored for 11K14: SCHEMATIC1, P0111_S11_DUT (551.18, 106.68). Connecting pin to net "HDVI_951_13-CH15S".
#9 WARNING(ORCAP-36038): "No_connect" property on Pin "11K14.6" ignored for 11K14: SCHEMATIC1, P0111_S11_DUT (551.18, 106.68). Connecting pin to net "S11_NCHG / ATB0_S".
#10 WARNING(ORCAP-36038): "No_connect" property on Pin "7K9.5" ignored for 7K9: SCHEMATIC1, P0071_S7_DUT (596.90, 353.06). Connecting pin to net "S7_SCL_K9R".
#11 WARNING(ORCAP-36038): "No_connect" property on Pin "13K8.5" ignored for 13K8: SCHEMATIC1, P0131_S13_DUT (698.50, 261.62). Connecting pin to net "N61615".
#12 WARNING(ORCAP-36038): "No_connect" property on Pin "7K8.6" ignored for 7K8: SCHEMATIC1, P0071_S7_DUT (698.50, 261.62). Connecting pin to net "HDVI_1000_13-CH64F".
#13 WARNING(ORCAP-36038): "No_connect" property on Pin "6K12.6" ignored for 6K12: SCHEMATIC1, P0061_S6_DUT (220.98, 195.58). Connecting pin to net "S6_VBAT_S".
#14 WARNING(ORCAP-36038): "No_connect" property on Pin "6K8.6" ignored for 6K8: SCHEMATIC1, P0061_S6_DUT (698.50, 261.62). Connecting pin to net "HDVI_736_10-CH16F".
#15 WARNING(ORCAP-36038): "No_connect" property on Pin "13K13.6" ignored for 13K13: SCHEMATIC1, P0131_S13_DUT (314.96, 96.52). Connecting pin to net "S13_NPG / ATB1_S".
#16 WARNING(ORCAP-36038): "No_connect" property on Pin "3K12.6" ignored for 3K12: SCHEMATIC1, P0031_S3_DUT (220.98, 195.58). Connecting pin to net "S3_VBAT_S".
#17 WARNING(ORCAP-36038): "No_connect" property on Pin "1K14.6" ignored for 1K14: SCHEMATIC1, P0011_S1_DUT (551.18, 106.68). Connecting pin to net "S1_NCHG / ATB0_S".
#18 WARNING(ORCAP-36038): "No_connect" property on Pin "11K9.5" ignored for 11K9: SCHEMATIC1, P0111_S11_DUT (596.90, 353.06). Connecting pin to net "S11_SCL_K9R".
#19 WARNING(ORCAP-36038): "No_connect" property on Pin "6K13.6" ignored for 6K13: SCHEMATIC1, P0061_S6_DUT (314.96, 96.52). Connecting pin to net "S6_NPG / ATB1_S".
#20 WARNING(ORCAP-36038): "No_connect" property on Pin "7K12.6" ignored for 7K12: SCHEMATIC1, P0071_S7_DUT (220.98, 195.58). Connecting pin to net "S7_VBAT_S".
#21 WARNING(ORCAP-36038): "No_connect" property on Pin "6K14.6" ignored for 6K14: SCHEMATIC1, P0061_S6_DUT (551.18, 106.68). Connecting pin to net "S6_NCHG / ATB0_S".
#22 WARNING(ORCAP-36038): "No_connect" property on Pin "7K13.6" ignored for 7K13: SCHEMATIC1, P0071_S7_DUT (314.96, 96.52). Connecting pin to net "S7_NPG / ATB1_S".
#23 WARNING(ORCAP-36038): "No_connect" property on Pin "11K12.6" ignored for 11K12: SCHEMATIC1, P0111_S11_DUT (220.98, 195.58). Connecting pin to net "S11_VBAT_S".
#24 WARNING(ORCAP-36038): "No_connect" property on Pin "1K9.6" ignored for 1K9: SCHEMATIC1, P0011_S1_DUT (596.90, 353.06). Connecting pin to net "S1_SCL".
#25 WARNING(ORCAP-36038): "No_connect" property on Pin "1K12.6" ignored for 1K12: SCHEMATIC1, P0011_S1_DUT (220.98, 195.58). Connecting pin to net "S1_VBAT_S".
#26 WARNING(ORCAP-36038): "No_connect" property on Pin "4K9.6" ignored for 4K9: SCHEMATIC1, P0041_S4_DUT (596.90, 353.06). Connecting pin to net "S4_SCL".
#27 WARNING(ORCAP-36038): "No_connect" property on Pin "6K2.4" ignored for 6K2: SCHEMATIC1, P0061_S6_DUT (551.18, 119.38). Connecting pin to net "N26002".
#28 WARNING(ORCAP-36038): "No_connect" property on Pin "4K12.6" ignored for 4K12: SCHEMATIC1, P0041_S4_DUT (220.98, 195.58). Connecting pin to net "S4_VBAT_S".
#29 WARNING(ORCAP-36038): "No_connect" property on Pin "3K2.4" ignored for 3K2: SCHEMATIC1, P0031_S3_DUT (551.18, 119.38). Connecting pin to net "N10729".
#30 WARNING(ORCAP-36038): "No_connect" property on Pin "4K13.6" ignored for 4K13: SCHEMATIC1, P0041_S4_DUT (314.96, 96.52). Connecting pin to net "S4_NPG / ATB1_S".
#31 WARNING(ORCAP-36038): "No_connect" property on Pin "4K9.5" ignored for 4K9: SCHEMATIC1, P0041_S4_DUT (596.90, 353.06). Connecting pin to net "S4_SCL_K9R".
#32 WARNING(ORCAP-36038): "No_connect" property on Pin "11K13.6" ignored for 11K13: SCHEMATIC1, P0111_S11_DUT (314.96, 96.52). Connecting pin to net "S11_NPG / ATB1_S".
#33 WARNING(ORCAP-36038): "No_connect" property on Pin "7K14.6" ignored for 7K14: SCHEMATIC1, P0071_S7_DUT (551.18, 106.68). Connecting pin to net "S7_NCHG / ATB0_S".
#34 WARNING(ORCAP-36038): "No_connect" property on Pin "11K8.6" ignored for 11K8: SCHEMATIC1, P0111_S11_DUT (698.50, 261.62). Connecting pin to net "HDVI_952_13-CH16F".
#35 WARNING(ORCAP-36038): "No_connect" property on Pin "7K8.5" ignored for 7K8: SCHEMATIC1, P0071_S7_DUT (698.50, 261.62). Connecting pin to net "N31069".
#36 WARNING(ORCAP-36038): "No_connect" property on Pin "3K9.6" ignored for 3K9: SCHEMATIC1, P0031_S3_DUT (596.90, 353.06). Connecting pin to net "S3_SCL".
#37 WARNING(ORCAP-36038): "No_connect" property on Pin "3K14.5" ignored for 3K14: SCHEMATIC1, P0031_S3_DUT (551.18, 106.68). Connecting pin to net "HDVI_983_13-CH47S".
#38 WARNING(ORCAP-36038): "No_connect" property on Pin "7K13.5" ignored for 7K13: SCHEMATIC1, P0071_S7_DUT (314.96, 96.52). Connecting pin to net "HDVI_998_13-CH62S".
#39 WARNING(ORCAP-36038): "No_connect" property on Pin "3K14.6" ignored for 3K14: SCHEMATIC1, P0031_S3_DUT (551.18, 106.68). Connecting pin to net "S3_NCHG / ATB0_S".
#40 WARNING(ORCAP-36038): "No_connect" property on Pin "3K9.5" ignored for 3K9: SCHEMATIC1, P0031_S3_DUT (596.90, 353.06). Connecting pin to net "S3_SCL_K9R".
#41 WARNING(ORCAP-36038): "No_connect" property on Pin "11K9.6" ignored for 11K9: SCHEMATIC1, P0111_S11_DUT (596.90, 353.06). Connecting pin to net "S11_SCL".
#42 WARNING(ORCAP-36038): "No_connect" property on Pin "1K8.6" ignored for 1K8: SCHEMATIC1, P0011_S1_DUT (698.50, 261.62). Connecting pin to net "HDVI_976_13-CH40F".
#43 WARNING(ORCAP-36038): "No_connect" property on Pin "5K13.5" ignored for 5K13: SCHEMATIC1, P0051_S5_DUT (314.96, 96.52). Connecting pin to net "HDVI_990_13-CH54S".
#44 WARNING(ORCAP-36038): "No_connect" property on Pin "7K14.5" ignored for 7K14: SCHEMATIC1, P0071_S7_DUT (551.18, 106.68). Connecting pin to net "HDVI_999_13-CH63S".
#45 WARNING(ORCAP-36038): "No_connect" property on Pin "5K8.6" ignored for 5K8: SCHEMATIC1, P0051_S5_DUT (698.50, 261.62). Connecting pin to net "HDVI_992_13-CH56F".
#46 WARNING(ORCAP-36038): "No_connect" property on Pin "4K8.5" ignored for 4K8: SCHEMATIC1, P0041_S4_DUT (698.50, 261.62). Connecting pin to net "N15796".
#47 WARNING(ORCAP-36038): "No_connect" property on Pin "3K8.5" ignored for 3K8: SCHEMATIC1, P0031_S3_DUT (698.50, 261.62). Connecting pin to net "N10705".
#48 WARNING(ORCAP-36038): "No_connect" property on Pin "6K9.5" ignored for 6K9: SCHEMATIC1, P0061_S6_DUT (596.90, 353.06). Connecting pin to net "S6_SCL_K9R".
#49 WARNING(ORCAP-36038): "No_connect" property on Pin "1K2.4" ignored for 1K2: SCHEMATIC1, P0011_S1_DUT (551.18, 119.38). Connecting pin to net "N19465903".
#50 WARNING(ORCAP-36038): "No_connect" property on Pin "8K2.4" ignored for 8K2: SCHEMATIC1, P0081_S8_DUT (551.18, 119.38). Connecting pin to net "N36184".
#51 WARNING(ORCAP-36038): "No_connect" property on Pin "8K12.6" ignored for 8K12: SCHEMATIC1, P0081_S8_DUT (220.98, 195.58). Connecting pin to net "S8_VBAT_S".
#52 WARNING(ORCAP-36038): "No_connect" property on Pin "11K2.4" ignored for 11K2: SCHEMATIC1, P0111_S11_DUT (551.18, 119.38). Connecting pin to net "N51457".
#53 WARNING(ORCAP-36038): "No_connect" property on Pin "4K2.4" ignored for 4K2: SCHEMATIC1, P0041_S4_DUT (551.18, 119.38). Connecting pin to net "N15820".
#54 WARNING(ORCAP-36038): "No_connect" property on Pin "5K2.4" ignored for 5K2: SCHEMATIC1, P0051_S5_DUT (551.18, 119.38). Connecting pin to net "N20911".
#55 WARNING(ORCAP-36038): "No_connect" property on Pin "11K13.5" ignored for 11K13: SCHEMATIC1, P0111_S11_DUT (314.96, 96.52). Connecting pin to net "HDVI_950_13-CH14S".
#56 WARNING(ORCAP-36038): "No_connect" property on Pin "8K9.5" ignored for 8K9: SCHEMATIC1, P0081_S8_DUT (596.90, 353.06). Connecting pin to net "S8_SCL_K9R".
#57 WARNING(ORCAP-36038): "No_connect" property on Pin "6K8.5" ignored for 6K8: SCHEMATIC1, P0061_S6_DUT (698.50, 261.62). Connecting pin to net "N25978".
#58 WARNING(ORCAP-36038): "No_connect" property on Pin "12K8.5" ignored for 12K8: SCHEMATIC1, P0121_S12_DUT (698.50, 261.62). Connecting pin to net "N56524".
#59 WARNING(ORCAP-36038): "No_connect" property on Pin "4K8.6" ignored for 4K8: SCHEMATIC1, P0041_S4_DUT (698.50, 261.62). Connecting pin to net "HDVI_792_10-CH72F".
#60 WARNING(ORCAP-36038): "No_connect" property on Pin "8K8.6" ignored for 8K8: SCHEMATIC1, P0081_S8_DUT (698.50, 261.62). Connecting pin to net "HDVI_728_10-CH8F".
#61 WARNING(ORCAP-36038): "No_connect" property on Pin "4K13.5" ignored for 4K13: SCHEMATIC1, P0041_S4_DUT (314.96, 96.52). Connecting pin to net "HDVI_790_10-CH70S".
#62 WARNING(ORCAP-36038): "No_connect" property on Pin "8K13.5" ignored for 8K13: SCHEMATIC1, P0081_S8_DUT (314.96, 96.52). Connecting pin to net "HDVI_726_10-CH6S".
#63 WARNING(ORCAP-36038): "No_connect" property on Pin "12K12.6" ignored for 12K12: SCHEMATIC1, P0121_S12_DUT (220.98, 195.58). Connecting pin to net "S12_VBAT_S".
#64 WARNING(ORCAP-36038): "No_connect" property on Pin "4K14.6" ignored for 4K14: SCHEMATIC1, P0041_S4_DUT (551.18, 106.68). Connecting pin to net "S4_NCHG / ATB0_S".
#65 WARNING(ORCAP-36038): "No_connect" property on Pin "11K8.5" ignored for 11K8: SCHEMATIC1, P0111_S11_DUT (698.50, 261.62). Connecting pin to net "N51433".
#66 WARNING(ORCAP-36038): "No_connect" property on Pin "5K14.6" ignored for 5K14: SCHEMATIC1, P0051_S5_DUT (551.18, 106.68). Connecting pin to net "S5_NCHG / ATB0_S".
#67 WARNING(ORCAP-36038): "No_connect" property on Pin "6K9.6" ignored for 6K9: SCHEMATIC1, P0061_S6_DUT (596.90, 353.06). Connecting pin to net "S6_SCL".
#68 WARNING(ORCAP-36038): "No_connect" property on Pin "6K14.5" ignored for 6K14: SCHEMATIC1, P0061_S6_DUT (551.18, 106.68). Connecting pin to net "HDVI_735_10-CH15S".
#69 WARNING(ORCAP-36038): "No_connect" property on Pin "5K14.5" ignored for 5K14: SCHEMATIC1, P0051_S5_DUT (551.18, 106.68). Connecting pin to net "HDVI_991_13-CH55S".
#70 WARNING(ORCAP-36038): "No_connect" property on Pin "8K8.5" ignored for 8K8: SCHEMATIC1, P0081_S8_DUT (698.50, 261.62). Connecting pin to net "N36160".
#71 WARNING(ORCAP-36038): "No_connect" property on Pin "5K9.6" ignored for 5K9: SCHEMATIC1, P0051_S5_DUT (596.90, 353.06). Connecting pin to net "S5_SCL".
#72 WARNING(ORCAP-36038): "No_connect" property on Pin "2K14.5" ignored for 2K14: SCHEMATIC1, P0021_S2_DUT (551.18, 106.68). Connecting pin to net "HDVI_743_10-CH23S".
#73 WARNING(ORCAP-36038): "No_connect" property on Pin "5K12.6" ignored for 5K12: SCHEMATIC1, P0051_S5_DUT (220.98, 195.58). Connecting pin to net "S5_VBAT_S".
#74 WARNING(ORCAP-36038): "No_connect" property on Pin "6K13.5" ignored for 6K13: SCHEMATIC1, P0061_S6_DUT (314.96, 96.52). Connecting pin to net "HDVI_734_10-CH14S".
#75 WARNING(ORCAP-36038): "No_connect" property on Pin "9K2.4" ignored for 9K2: SCHEMATIC1, P0091_S9_DUT (551.18, 119.38). Connecting pin to net "N41275".
#76 WARNING(ORCAP-36038): "No_connect" property on Pin "9K9.5" ignored for 9K9: SCHEMATIC1, P0091_S9_DUT (596.90, 353.06). Connecting pin to net "S9_SCL_K9R".
#77 WARNING(ORCAP-36038): "No_connect" property on Pin "5K13.6" ignored for 5K13: SCHEMATIC1, P0051_S5_DUT (314.96, 96.52). Connecting pin to net "S5_NPG / ATB1_S".
#78 WARNING(ORCAP-36038): "No_connect" property on Pin "4K14.5" ignored for 4K14: SCHEMATIC1, P0041_S4_DUT (551.18, 106.68). Connecting pin to net "HDVI_791_10-CH71S".
#79 WARNING(ORCAP-36038): "No_connect" property on Pin "9K8.6" ignored for 9K8: SCHEMATIC1, P0091_S9_DUT (698.50, 261.62). Connecting pin to net "HDVI_944_13-CH8F".
#80 WARNING(ORCAP-36038): "No_connect" property on Pin "2K9.5" ignored for 2K9: SCHEMATIC1, P0021_S2_DUT (596.90, 353.06). Connecting pin to net "S2_SCL_K9R".
#81 WARNING(ORCAP-36038): "No_connect" property on Pin "8K13.6" ignored for 8K13: SCHEMATIC1, P0081_S8_DUT (314.96, 96.52). Connecting pin to net "S8_NPG / ATB1_S".
#82 WARNING(ORCAP-36038): "No_connect" property on Pin "9K12.6" ignored for 9K12: SCHEMATIC1, P0091_S9_DUT (220.98, 195.58). Connecting pin to net "S9_VBAT_S".
#83 WARNING(ORCAP-36038): "No_connect" property on Pin "12K14.5" ignored for 12K14: SCHEMATIC1, P0121_S12_DUT (551.18, 106.68). Connecting pin to net "HDVI_775_10-CH55S".
#84 WARNING(ORCAP-36038): "No_connect" property on Pin "9K14.6" ignored for 9K14: SCHEMATIC1, P0091_S9_DUT (551.18, 106.68). Connecting pin to net "S9_NCHG / ATB0_S".
#85 WARNING(ORCAP-36038): "No_connect" property on Pin "9K9.6" ignored for 9K9: SCHEMATIC1, P0091_S9_DUT (596.90, 353.06). Connecting pin to net "S9_SCL".
#86 WARNING(ORCAP-36038): "No_connect" property on Pin "15K14.5" ignored for 15K14: SCHEMATIC1, P0151_S15_DUT (551.18, 106.68). Connecting pin to net "HDVI_959_13-CH23S".
#87 WARNING(ORCAP-36038): "No_connect" property on Pin "9K13.5" ignored for 9K13: SCHEMATIC1, P0091_S9_DUT (314.96, 96.52). Connecting pin to net "HDVI_942_13-CH6S".
#88 WARNING(ORCAP-36038): "No_connect" property on Pin "2K9.6" ignored for 2K9: SCHEMATIC1, P0021_S2_DUT (596.90, 353.06). Connecting pin to net "S2_SCL".
#89 WARNING(ORCAP-36038): "No_connect" property on Pin "5K8.5" ignored for 5K8: SCHEMATIC1, P0051_S5_DUT (698.50, 261.62). Connecting pin to net "N20887".
#90 WARNING(ORCAP-36038): "No_connect" property on Pin "15K9.6" ignored for 15K9: SCHEMATIC1, P0151_S15_DUT (596.90, 353.06). Connecting pin to net "S15_SCL".
#91 WARNING(ORCAP-36038): "No_connect" property on Pin "8K14.5" ignored for 8K14: SCHEMATIC1, P0081_S8_DUT (551.18, 106.68). Connecting pin to net "HDVI_727_10-CH7S".
#92 WARNING(ORCAP-36038): "No_connect" property on Pin "2K2.4" ignored for 2K2: SCHEMATIC1, P0021_S2_DUT (551.18, 119.38). Connecting pin to net "N05638".
#93 WARNING(ORCAP-36038): "No_connect" property on Pin "5K9.5" ignored for 5K9: SCHEMATIC1, P0051_S5_DUT (596.90, 353.06). Connecting pin to net "S5_SCL_K9R".
#94 WARNING(ORCAP-36038): "No_connect" property on Pin "9K13.6" ignored for 9K13: SCHEMATIC1, P0091_S9_DUT (314.96, 96.52). Connecting pin to net "S9_NPG / ATB1_S".
#95 WARNING(ORCAP-36038): "No_connect" property on Pin "12K14.6" ignored for 12K14: SCHEMATIC1, P0121_S12_DUT (551.18, 106.68). Connecting pin to net "S12_NCHG / ATB0_S".
#96 WARNING(ORCAP-36038): "No_connect" property on Pin "16K2.4" ignored for 16K2: SCHEMATIC1, P0161_S16_DUT (551.18, 119.38). Connecting pin to net "N76912".
#97 WARNING(ORCAP-36038): "No_connect" property on Pin "8K14.6" ignored for 8K14: SCHEMATIC1, P0081_S8_DUT (551.18, 106.68). Connecting pin to net "S8_NCHG / ATB0_S".
#98 WARNING(ORCAP-36038): "No_connect" property on Pin "14K9.6" ignored for 14K9: SCHEMATIC1, P0141_S14_DUT (596.90, 353.06). Connecting pin to net "S14_SCL".
#99 WARNING(ORCAP-36038): "No_connect" property on Pin "15K13.5" ignored for 15K13: SCHEMATIC1, P0151_S15_DUT (314.96, 96.52). Connecting pin to net "HDVI_958_13-CH22S".
#100 WARNING(ORCAP-36038): "No_connect" property on Pin "15K8.5" ignored for 15K8: SCHEMATIC1, P0151_S15_DUT (698.50, 261.62). Connecting pin to net "N71797".
#101 WARNING(ORCAP-36038): "No_connect" property on Pin "14K14.5" ignored for 14K14: SCHEMATIC1, P0141_S14_DUT (551.18, 106.68). Connecting pin to net "HDVI_767_10-CH47S".
#102 WARNING(ORCAP-36038): "No_connect" property on Pin "2K14.6" ignored for 2K14: SCHEMATIC1, P0021_S2_DUT (551.18, 106.68). Connecting pin to net "S2_NCHG / ATB0_S".
#103 WARNING(ORCAP-36038): "No_connect" property on Pin "9K8.5" ignored for 9K8: SCHEMATIC1, P0091_S9_DUT (698.50, 261.62). Connecting pin to net "N41251".
#104 WARNING(ORCAP-36038): "No_connect" property on Pin "16K9.5" ignored for 16K9: SCHEMATIC1, P0161_S16_DUT (596.90, 353.06). Connecting pin to net "S16_SCL_K9R".
#105 WARNING(ORCAP-36038): "No_connect" property on Pin "2K12.6" ignored for 2K12: SCHEMATIC1, P0021_S2_DUT (220.98, 195.58). Connecting pin to net "S2_VBAT_S".
#106 WARNING(ORCAP-36038): "No_connect" property on Pin "15K14.6" ignored for 15K14: SCHEMATIC1, P0151_S15_DUT (551.18, 106.68). Connecting pin to net "S15_NCHG / ATB0_S".
#107 WARNING(ORCAP-36038): "No_connect" property on Pin "8K9.6" ignored for 8K9: SCHEMATIC1, P0081_S8_DUT (596.90, 353.06). Connecting pin to net "S8_SCL".
#108 WARNING(ORCAP-36038): "No_connect" property on Pin "15K2.4" ignored for 15K2: SCHEMATIC1, P0151_S15_DUT (551.18, 119.38). Connecting pin to net "N71821".
#109 WARNING(ORCAP-36038): "No_connect" property on Pin "2K8.5" ignored for 2K8: SCHEMATIC1, P0021_S2_DUT (698.50, 261.62). Connecting pin to net "N05614".
#110 WARNING(ORCAP-36038): "No_connect" property on Pin "14K13.5" ignored for 14K13: SCHEMATIC1, P0141_S14_DUT (314.96, 96.52). Connecting pin to net "HDVI_766_10-CH46S".
#111 WARNING(ORCAP-36038): "No_connect" property on Pin "14K9.5" ignored for 14K9: SCHEMATIC1, P0141_S14_DUT (596.90, 353.06). Connecting pin to net "S14_SCL_K9R".
#112 WARNING(ORCAP-36038): "No_connect" property on Pin "16K14.6" ignored for 16K14: SCHEMATIC1, P0161_S16_DUT (551.18, 106.68). Connecting pin to net "S16_NCHG / ATB0_S".
#113 WARNING(ORCAP-36038): "No_connect" property on Pin "2K13.6" ignored for 2K13: SCHEMATIC1, P0021_S2_DUT (314.96, 96.52). Connecting pin to net "S2_NPG / ATB1_S".
#114 WARNING(ORCAP-36038): "No_connect" property on Pin "2K8.6" ignored for 2K8: SCHEMATIC1, P0021_S2_DUT (698.50, 261.62). Connecting pin to net "HDVI_744_10-CH24F".
#115 WARNING(ORCAP-36038): "No_connect" property on Pin "15K13.6" ignored for 15K13: SCHEMATIC1, P0151_S15_DUT (314.96, 96.52). Connecting pin to net "S15_NPG / ATB1_S".
#116 WARNING(ORCAP-36038): "No_connect" property on Pin "2K13.5" ignored for 2K13: SCHEMATIC1, P0021_S2_DUT (314.96, 96.52). Connecting pin to net "HDVI_742_10-CH22S".
#117 WARNING(ORCAP-36038): "No_connect" property on Pin "15K8.6" ignored for 15K8: SCHEMATIC1, P0151_S15_DUT (698.50, 261.62). Connecting pin to net "HDVI_960_13-CH24F".
#118 WARNING(ORCAP-36038): "No_connect" property on Pin "10K9.5" ignored for 10K9: SCHEMATIC1, P0101_S10_DUT (596.90, 353.06). Connecting pin to net "S10_SCL_K9R".
#119 WARNING(ORCAP-36038): "No_connect" property on Pin "14K12.6" ignored for 14K12: SCHEMATIC1, P0141_S14_DUT (220.98, 195.58). Connecting pin to net "S14_VBAT_S".
#120 WARNING(ORCAP-36038): "No_connect" property on Pin "10K8.6" ignored for 10K8: SCHEMATIC1, P0101_S10_DUT (698.50, 261.62). Connecting pin to net "HDVI_784_10-CH64F".
#121 WARNING(ORCAP-36038): "No_connect" property on Pin "12K9.5" ignored for 12K9: SCHEMATIC1, P0121_S12_DUT (596.90, 353.06). Connecting pin to net "S12_SCL_K9R".
#122 WARNING(ORCAP-36038): "No_connect" property on Pin "15K12.6" ignored for 15K12: SCHEMATIC1, P0151_S15_DUT (220.98, 195.58). Connecting pin to net "S15_VBAT_S".
#123 WARNING(ORCAP-36038): "No_connect" property on Pin "9K14.5" ignored for 9K14: SCHEMATIC1, P0091_S9_DUT (551.18, 106.68). Connecting pin to net "HDVI_943_13-CH7S".
#124 WARNING(ORCAP-36038): "No_connect" property on Pin "10K9.6" ignored for 10K9: SCHEMATIC1, P0101_S10_DUT (596.90, 353.06). Connecting pin to net "S10_SCL".
#125 WARNING(ORCAP-36038): "No_connect" property on Pin "14K8.6" ignored for 14K8: SCHEMATIC1, P0141_S14_DUT (698.50, 261.62). Connecting pin to net "HDVI_768_10-CH48F".
#126 WARNING(ORCAP-36038): "No_connect" property on Pin "10K8.5" ignored for 10K8: SCHEMATIC1, P0101_S10_DUT (698.50, 261.62). Connecting pin to net "N46342".
#127 WARNING(ORCAP-36038): "No_connect" property on Pin "12K13.5" ignored for 12K13: SCHEMATIC1, P0121_S12_DUT (314.96, 96.52). Connecting pin to net "HDVI_774_10-CH54S".
#128 WARNING(ORCAP-36038): "No_connect" property on Pin "16K12.6" ignored for 16K12: SCHEMATIC1, P0161_S16_DUT (220.98, 195.58). Connecting pin to net "S16_VBAT_S".
#129 WARNING(ORCAP-36038): "No_connect" property on Pin "16K8.6" ignored for 16K8: SCHEMATIC1, P0161_S16_DUT (698.50, 261.62). Connecting pin to net "HDVI_760_10-CH40F".
#130 WARNING(ORCAP-36038): "No_connect" property on Pin "10K12.6" ignored for 10K12: SCHEMATIC1, P0101_S10_DUT (220.98, 195.58). Connecting pin to net "S10_VBAT_S".
#131 WARNING(ORCAP-36038): "No_connect" property on Pin "13K13.5" ignored for 13K13: SCHEMATIC1, P0131_S13_DUT (314.96, 96.52). Connecting pin to net "HDVI_1006_13-CH70S".
#132 WARNING(ORCAP-36038): "No_connect" property on Pin "15K9.5" ignored for 15K9: SCHEMATIC1, P0151_S15_DUT (596.90, 353.06). Connecting pin to net "S15_SCL_K9R".
#133 WARNING(ORCAP-36038): "No_connect" property on Pin "14K2.4" ignored for 14K2: SCHEMATIC1, P0141_S14_DUT (551.18, 119.38). Connecting pin to net "N66730".
#134 WARNING(ORCAP-36038): "No_connect" property on Pin "13K14.5" ignored for 13K14: SCHEMATIC1, P0131_S13_DUT (551.18, 106.68). Connecting pin to net "HDVI_1007_13-CH71S".
#135 WARNING(ORCAP-36038): "No_connect" property on Pin "12K9.6" ignored for 12K9: SCHEMATIC1, P0121_S12_DUT (596.90, 353.06). Connecting pin to net "S12_SCL".
#136 WARNING(ORCAP-36038): "No_connect" property on Pin "16K13.5" ignored for 16K13: SCHEMATIC1, P0161_S16_DUT (314.96, 96.52). Connecting pin to net "HDVI_758_10-CH38S".
#137 WARNING(ORCAP-36038): "No_connect" property on Pin "16K14.5" ignored for 16K14: SCHEMATIC1, P0161_S16_DUT (551.18, 106.68). Connecting pin to net "HDVI_759_10-CH39S".
#138 WARNING(ORCAP-36038): "No_connect" property on Pin "10K13.6" ignored for 10K13: SCHEMATIC1, P0101_S10_DUT (314.96, 96.52). Connecting pin to net "S10_NPG / ATB1_S".
#139 WARNING(ORCAP-36038): "No_connect" property on Pin "16K8.5" ignored for 16K8: SCHEMATIC1, P0161_S16_DUT (698.50, 261.62). Connecting pin to net "N76888".
#140 WARNING(ORCAP-36038): "No_connect" property on Pin "13K2.4" ignored for 13K2: SCHEMATIC1, P0131_S13_DUT (551.18, 119.38). Connecting pin to net "N61639".
#141 WARNING(ORCAP-36038): "No_connect" property on Pin "16K13.6" ignored for 16K13: SCHEMATIC1, P0161_S16_DUT (314.96, 96.52). Connecting pin to net "S16_NPG / ATB1_S".
#142 WARNING(ORCAP-36038): "No_connect" property on Pin "14K8.5" ignored for 14K8: SCHEMATIC1, P0141_S14_DUT (698.50, 261.62). Connecting pin to net "N66706".
#143 WARNING(ORCAP-36038): "No_connect" property on Pin "12K8.6" ignored for 12K8: SCHEMATIC1, P0121_S12_DUT (698.50, 261.62). Connecting pin to net "HDVI_776_10-CH56F".
#144 WARNING(ORCAP-36038): "No_connect" property on Pin "13K12.6" ignored for 13K12: SCHEMATIC1, P0131_S13_DUT (220.98, 195.58). Connecting pin to net "S13_VBAT_S".
#145 WARNING(ORCAP-36038): "No_connect" property on Pin "13K9.5" ignored for 13K9: SCHEMATIC1, P0131_S13_DUT (596.90, 353.06). Connecting pin to net "S13_SCL_K9R".
#146 WARNING(ORCAP-36038): "No_connect" property on Pin "16K9.6" ignored for 16K9: SCHEMATIC1, P0161_S16_DUT (596.90, 353.06). Connecting pin to net "S16_SCL".
#147 WARNING(ORCAP-36038): "No_connect" property on Pin "3K8.6" ignored for 3K8: SCHEMATIC1, P0031_S3_DUT (698.50, 261.62). Connecting pin to net "HDVI_984_13-CH48F".
#148 WARNING(ORCAP-36038): "No_connect" property on Pin "14K13.6" ignored for 14K13: SCHEMATIC1, P0141_S14_DUT (314.96, 96.52). Connecting pin to net "S14_NPG / ATB1_S".
#149 WARNING(ORCAP-36038): "No_connect" property on Pin "13K8.6" ignored for 13K8: SCHEMATIC1, P0131_S13_DUT (698.50, 261.62). Connecting pin to net "HDVI_1008_13-CH72F".
#150 WARNING(ORCAP-36038): "No_connect" property on Pin "10K13.5" ignored for 10K13: SCHEMATIC1, P0101_S10_DUT (314.96, 96.52). Connecting pin to net "HDVI_782_10-CH62S".
#151 WARNING(ORCAP-36038): "No_connect" property on Pin "14K14.6" ignored for 14K14: SCHEMATIC1, P0141_S14_DUT (551.18, 106.68). Connecting pin to net "S14_NCHG / ATB0_S".
#152 WARNING(ORCAP-36038): "No_connect" property on Pin "3K13.6" ignored for 3K13: SCHEMATIC1, P0031_S3_DUT (314.96, 96.52). Connecting pin to net "S3_NPG / ATB1_S".
#153 WARNING(ORCAP-36038): "No_connect" property on Pin "12K2.4" ignored for 12K2: SCHEMATIC1, P0121_S12_DUT (551.18, 119.38). Connecting pin to net "N56548".
#154 WARNING(ORCAP-36038): "No_connect" property on Pin "7K9.6" ignored for 7K9: SCHEMATIC1, P0071_S7_DUT (596.90, 353.06). Connecting pin to net "S7_SCL".
#155 WARNING(ORCAP-36038): "No_connect" property on Pin "3K13.5" ignored for 3K13: SCHEMATIC1, P0031_S3_DUT (314.96, 96.52). Connecting pin to net "HDVI_982_13-CH46S".
#156 WARNING(ORCAP-36038): "No_connect" property on Pin "10K14.5" ignored for 10K14: SCHEMATIC1, P0101_S10_DUT (551.18, 106.68). Connecting pin to net "HDVI_783_10-CH63S".
#157 WARNING(ORCAP-36038): "No_connect" property on Pin "10K14.6" ignored for 10K14: SCHEMATIC1, P0101_S10_DUT (551.18, 106.68). Connecting pin to net "S10_NCHG / ATB0_S".
#158 WARNING(ORCAP-36038): "No_connect" property on Pin "10K2.4" ignored for 10K2: SCHEMATIC1, P0101_S10_DUT (551.18, 119.38). Connecting pin to net "N46366".
#159 WARNING(ORCAP-36038): "No_connect" property on Pin "7K2.4" ignored for 7K2: SCHEMATIC1, P0071_S7_DUT (551.18, 119.38). Connecting pin to net "N31093".
#160 WARNING(ORCAP-36038): "No_connect" property on Pin "12K13.6" ignored for 12K13: SCHEMATIC1, P0121_S12_DUT (314.96, 96.52). Connecting pin to net "S12_NPG / ATB1_S".
#161 WARNING(ORCAP-36006): Part Name "REF-CODE-PCB_PCB_CODE_REF-CODE-PCB" is renamed to "REF-CODE-PCB_PCB_CODE_REF-CODE-".
#162 WARNING(ORCAP-36006): Part Name "1U-6.3-X7R-S6-MU_C0603_1U-6.3-X7R-S6-MU" is renamed to "1U-6.3-X7R-S6-MU_C0603_1U-6.3-X".
#163 WARNING(ORCAP-36006): Part Name "2.2U-25-X8R-SA-TDK_C1206_2.2U-25-X8R-SA-TDK" is renamed to "2.2U-25-X8R-SA-TDK_C1206_2.2U-2".
#164 WARNING(ORCAP-36006): Part Name "10U-6.3-X7R-S6-SS_C0603_10U-6.3-X7R-S6-SS" is renamed to "10U-6.3-X7R-S6-SS_C0603_10U-6.3".
#165 WARNING(ORCAP-36006): Part Name "4.7U-6.3-X-S6_C0603_4.7U-6.3-X-S6" is renamed to "4.7U-6.3-X-S6_C0603_4.7U-6.3-X-".
#166 WARNING(ORCAP-36006): Part Name "0.1U-25-X7R-S6-YA_C0603_0.1U-25-X7R-S6-YA" is renamed to "0.1U-25-X7R-S6-YA_C0603_0.1U-25".
#167 WARNING(ORCAP-36006): Part Name "1U-50-X7R-S6-TY_C0603_1U-50-X7R-S6-TY" is renamed to "1U-50-X7R-S6-TY_C0603_1U-50-X7R".
#168 WARNING(ORCAP-36006): Part Name "0.1U-10-X7R-S4-MU-1_C0402_CNC-S4" is renamed to "0.1U-10-X7R-S4-MU-1_C0402_CNC-S".
#169 WARNING(ORCAP-36006): Part Name "UA2-12NJ-V2_RL_NECUA2_12V_V2_UA2-12NJ-V2" is renamed to "UA2-12NJ-V2_RL_NECUA2_12V_V2_UA".
#170 WARNING(ORCAP-36006): Part Name "3.01K-0.1-S4-PAN_R0402_3.01K-0.1-S4-PAN" is renamed to "3.01K-0.1-S4-PAN_R0402_3.01K-0.".
#171 WARNING(ORCAP-36006): Part Name "44.2K-0.1-S4-PAN_R0402_44.2K-0.1-S4-PAN" is renamed to "44.2K-0.1-S4-PAN_R0402_44.2K-0.".
#172 WARNING(ORCAP-36006): Part Name "ADR4550BRZ-SOIC8_SO8_195X127MM_ADR4550BRZ-SOIC8" is renamed to "ADR4550BRZ-SOIC8_SO8_195X127MM_".
#173 WARNING(ORCAP-36006): Part Name "REF-CODE-SOCKET_SOCKET_CODE_REF-CODE-SOCKET" is renamed to "REF-CODE-SOCKET_SOCKET_CODE_REF".
#174 WARNING(ORCAP-36006): Part Name "100U-50-E-S-6.6X6.6_EC_6P3X7P7MM_S_100U-50-E-S-6.6X6.6" is renamed to "100U-50-E-S-6.6X6.6_EC_6P3X7P7M".
#175 WARNING(ORCAP-36006): Part Name "47U-100-E-S10X10-NI_ECS_10X10MM_H10P5_47U-100-E-S10X10-NI" is renamed to "47U-100-E-S10X10-NI_ECS_10X10MM".
#176 WARNING(ORCAP-36006): Part Name "BD120-3.5A-S8-LA_FB0805_BD120-3.5A-S8-LA" is renamed to "BD120-3.5A-S8-LA_FB0805_BD120-3".
#177 WARNING(ORCAP-36006): Part Name "1U-25-X7R-S6-WA_C0603_1U-25-X7R-S6-WA" is renamed to "1U-25-X7R-S6-WA_C0603_1U-25-X7R".
#178 WARNING(ORCAP-36006): Part Name "1U-16-X5R-S4-YA_C0402_1U-16-X5R-S4-YA" is renamed to "1U-16-X5R-S4-YA_C0402_1U-16-X5R".
#179 WARNING(ORCAP-36006): Part Name "1U-16-X6S-S4-TY_C0402_1U-16-X6S-S4-TY" is renamed to "1U-16-X6S-S4-TY_C0402_1U-16-X6S".
#180 WARNING(ORCAP-36006): Part Name "0.1U-10-X7R-S4-MU-1_C0402_0.1U-10-X7R-S4-MU-1" is renamed to "0.1U-10-X7R-S4-MU-1_C0402_0.1U-".
#181 WARNING(ORCAP-36006): Part Name "100P-50-X8R-S4-KEMET_C0402_100P-50-X8R-S4-KEMET" is renamed to "100P-50-X8R-S4-KEMET_C0402_100P".
#182 WARNING(ORCAP-36006): Part Name "2920L200-2A-S7.98X5.44_FUSE_2920_H45_2920L200-2A-S7.98X5.44" is renamed to "2920L200-2A-S7.98X5.44_FUSE_292".
#183 WARNING(ORCAP-36006): Part Name "LOGO_KT_KSMT_LOGO_NC_NORDIC_LOGO_NC_NORDIC" is renamed to "LOGO_KT_KSMT_LOGO_NC_NORDIC_LOG".
#184 WARNING(ORCAP-36006): Part Name "LOGO_KT_KSMT_LOGO_KT_KSMT_LOGO_KT_KSMT" is renamed to "LOGO_KT_KSMT_LOGO_KT_KSMT_LOGO_".
#185 WARNING(ORCAP-36006): Part Name "DIAMONDX_X1_OUTLINE_FULL_PG_LTXDX_F_X1_OUTLINE_FULL_V2_PG_LTXDX_F_X1_OUTLINE_FULL_V2" is renamed to "DIAMONDX_X1_OUTLINE_FULL_PG_LTX".
#186 WARNING(ORCAP-36006): Part Name "REF-CODE-CHIP_CHIP_CODE_REF-CODE-CHIP" is renamed to "REF-CODE-CHIP_CHIP_CODE_REF-COD".
#187 WARNING(ORCAP-36006): Part Name "NPM1212-QFN28-P0.4_SK_QFN4X4_56P_0P4MM_GRIFFI_NPM1212-QFN28-P0.4" is renamed to "NPM1212-QFN28-P0.4_SK_QFN4X4_56".
#188 WARNING(ORCAP-36006): Part Name "DIAMONDX_SLOT0_SDU2_PG_LTXDX_F_X1_SDU2_SL00_V3_DIAMONDX_SLOT0_SDU2" is renamed to "DIAMONDX_SLOT0_SDU2_PG_LTXDX_F_".
#189 WARNING(ORCAP-36006): Part Name "DIAMONDX_X1_DUT_1_PG_LTXDX_F_X1_PG400ND_SL01_V3_DIAMONDX_X1_DUT" is renamed to "DIAMONDX_X1_DUT_1_PG_LTXDX_F_X1".
#190 WARNING(ORCAP-36006): Part Name "DIAMONDX_SLOT10_HDVI_PG_LTXDX_F_X1_HDVI_SL10_V3_DIAMONDX_SLOT10_HDVI" is renamed to "DIAMONDX_SLOT10_HDVI_PG_LTXDX_F".
#191 WARNING(ORCAP-36006): Part Name "DIAMONDX_X1_DUT_1_PG_LTXDX_F_X1_PG400ND_SL11_V3_DIAMONDX_X1_DUT" is renamed to "DIAMONDX_X1_DUT_1_PG_LTXDX_F__1".
#192 WARNING(ORCAP-36006): Part Name "DIAMONDX_X1_DUT_1_PG_LTXDX_F_X1_PG400ND_SL12_V3_DIAMONDX_X1_DUT" is renamed to "DIAMONDX_X1_DUT_1_PG_LTXDX_F__2".
#193 WARNING(ORCAP-36006): Part Name "DIAMONDX_SLOT13_HDVI_PG_LTXDX_F_X1_HDVI_SL13_V3_DIAMONDX_SLOT13_HDVI" is renamed to "DIAMONDX_SLOT13_HDVI_PG_LTXDX_F".
#194 WARNING(ORCAP-36006): Part Name "DIAMONDX_X1_DUT_1_PG_LTXDX_F_X1_PG400ND_SL14_V3_DIAMONDX_X1_DUT" is renamed to "DIAMONDX_X1_DUT_1_PG_LTXDX_F__3".
#195 WARNING(ORCAP-36006): Part Name "DIAMONDX_X1_DUT_1_PG_LTXDX_F_X1_PG400ND_SL15_V3_DIAMONDX_X1_DUT" is renamed to "DIAMONDX_X1_DUT_1_PG_LTXDX_F__4".
#196 WARNING(ORCAP-36006): Part Name "DIAMONDX_X1_DUT_1_PG_LTXDX_F_X1_PG400ND_SL16_V3_DIAMONDX_X1_DUT" is renamed to "DIAMONDX_X1_DUT_1_PG_LTXDX_F__5".
#197 WARNING(ORCAP-36006): Part Name "DIAMONDX_SLOT17_GX1X_PG_LTXDX_F_X1_GX1_SL17_V2_DIAMONDX_SLOT17_GX1X" is renamed to "DIAMONDX_SLOT17_GX1X_PG_LTXDX_F".
#198 WARNING(ORCAP-36006): Part Name "DIAMONDX_X1_DUT_1_PG_LTXDX_F_X1_PG400ND_SL18_V3_DIAMONDX_X1_DUT" is renamed to "DIAMONDX_X1_DUT_1_PG_LTXDX_F__6".
#199 WARNING(ORCAP-36006): Part Name "DIAMONDX_SLOT19_GX1X_PG_LTXDX_F_X1_GX1_SL19_V2_DIAMONDX_SLOT19_GX1X" is renamed to "DIAMONDX_SLOT19_GX1X_PG_LTXDX_F".
#200 WARNING(ORCAP-36006): Part Name "DIAMONDX_X1_DUT_1_PG_LTXDX_F_X1_PG400ND_SL02_V3_DIAMONDX_X1_DUT" is renamed to "DIAMONDX_X1_DUT_1_PG_LTXDX_F__7".
#201 WARNING(ORCAP-36006): Part Name "DIAMONDX_SLOT3_GX1X_PG_LTXDX_F_X1_GX1X_SL03_V2_DIAMONDX_SLOT3_GX1X" is renamed to "DIAMONDX_SLOT3_GX1X_PG_LTXDX_F_".
#202 WARNING(ORCAP-36006): Part Name "DIAMONDX_SLOT4_GX1X_PG_LTXDX_F_X1_GX1X_SL04_DIAMONDX_SLOT4_GX1X" is renamed to "DIAMONDX_SLOT4_GX1X_PG_LTXDX_F_".
#203 WARNING(ORCAP-36006): Part Name "DIAMONDX_X1_DUT_1_PG_LTXDX_F_X1_PG400ND_SL05_V3_DIAMONDX_X1_DUT" is renamed to "DIAMONDX_X1_DUT_1_PG_LTXDX_F__8".
#204 WARNING(ORCAP-36006): Part Name "DIAMONDX_SLOT6_PMVIX_PG_LTXDX_F_X1_PMVIX_SL06_DIAMONDX_SLOT6_PMVIX" is renamed to "DIAMONDX_SLOT6_PMVIX_PG_LTXDX_F".
#205 WARNING(ORCAP-36006): Part Name "DIAMONDX_SLOT7_PMVIX_PG_LTXDX_F_X1_PMVIX_SL07_DIAMONDX_SLOT7_PMVIX" is renamed to "DIAMONDX_SLOT7_PMVIX_PG_LTXDX_F".
#206 WARNING(ORCAP-36006): Part Name "DIAMONDX_SLOT8_PMVIX_PG_LTXDX_F_X1_PMVIX_SL08_DIAMONDX_SLOT8_PMVIX" is renamed to "DIAMONDX_SLOT8_PMVIX_PG_LTXDX_F".
#207 WARNING(ORCAP-36006): Part Name "DIAMONDX_SLOT9_PMVIX_PG_LTXDX_F_X1_PMVIX_SL09_DIAMONDX_SLOT9_PMVIX" is renamed to "DIAMONDX_SLOT9_PMVIX_PG_LTXDX_F".
#208 WARNING(ORCAP-36006): Part Name "ADT7420UCPZ-LFCSP16_LFCSP16_0P65MM_G_ADT7420UCPZ-LFCSP16" is renamed to "ADT7420UCPZ-LFCSP16_LFCSP16_0P6".
#209 WARNING(ORCAP-36006): Part Name "ADP151AUJZ-0.2A-33-TSOT23-5_TSOT23-5_ADP151AUJZ-0.2A-33-TSOT23-5" is renamed to "ADP151AUJZ-0.2A-33-TSOT23-5_TSO".
#210 WARNING(ORCAP-36006): Part Name "LM1086-1.5A-A-TO263-1_TO263_3_LM1086-1.5A-A-TO263-1" is renamed to "LM1086-1.5A-A-TO263-1_TO263_3_L".
#211 WARNING(ORCAP-36006): Part Name "AT24C512C-SSHM-T-SOIC8_SO8_206X127MM_AT24C512C-SSHM-T-SOIC8" is renamed to "AT24C512C-SSHM-T-SOIC8_SO8_206X".
INFO(ORCAP-36080): Scanning netlist files ...

Loading... D:\GIT\HOMEOFFICE\PCB\TASK 2\038NC-GRIFFI-V9A_16\allegro/pstchip.dat

Loading... D:\GIT\HOMEOFFICE\PCB\TASK 2\038NC-GRIFFI-V9A_16\allegro/pstchip.dat

Loading... D:\GIT\HOMEOFFICE\PCB\TASK 2\038NC-GRIFFI-V9A_16\allegro/pstxprt.dat
#575 ERROR(SPCODD-575): Reference designator value 10TP_AVSS2/TST has an invalid character. The list of invalid characters in reference designators is as follows: space, tab, asterisk, comma, semicolon, colon, backslash, the equal sign, double quotes, single quotes and braces. Update the reference designator in Design Entry HDL and then run Packager.
      #575 ERROR(SPCODD-575): Reference designator value 10TP_LSIN2/NCHGEN_F has an invalid character. The list of invalid characters in reference designators is as follows: space, tab, asterisk, comma, semicolon, colon, backslash, the equal sign, double quotes, single quotes and braces. Update the reference designator in Design Entry HDL and then run Packager.
      #575 ERROR(SPCODD-575): Reference designator value 10TP_LSIN2/NCHGEN_G has an invalid character. The list of invalid characters in reference designators is as follows: space, tab, asterisk, comma, semicolon, colon, backslash, the equal sign, double quotes, single quotes and braces. Update the reference designator in Design Entry HDL and then run Packager.
      #575 ERROR(SPCODD-575): Reference designator value 10TP_LSIN2/NCHGEN_S has an invalid character. The list of invalid characters in reference designators is as follows: space, tab, asterisk, comma, semicolon, colon, backslash, the equal sign, double quotes, single quotes and braces. Update the reference designator in Design Entry HDL and then run Packager.
      #575 ERROR(SPCODD-575): Reference designator value 10TP_LSOUT2/SUSPEND1_G has an invalid character. The list of invalid characters in reference designators is as follows: space, tab, asterisk, comma, semicolon, colon, backslash, the equal sign, double quotes, single quotes and braces. Update the reference designator in Design Entry HDL and then run Packager.
      #575 ERROR(SPCODD-575): Reference designator value 10TP_LSOUT2/SUSPEND1_S has an invalid character. The list of invalid characters in reference designators is as follows: space, tab, asterisk, comma, semicolon, colon, backslash, the equal sign, double quotes, single quotes and braces. Update the reference designator in Design Entry HDL and then run Packager.
      #575 ERROR(SPCODD-575): Reference designator value 10TP_LSOUT2/SUSPEND_F has an invalid character. The list of invalid characters in reference designators is as follows: space, tab, asterisk, comma, semicolon, colon, backslash, the equal sign, double quotes, single quotes and braces. Update the reference designator in Design Entry HDL and then run Packager.
      #575 ERROR(SPCODD-575): Reference designator value 10TP_NCHG/ATB0_F has an invalid character. The list of invalid characters in reference designators is as follows: space, tab, asterisk, comma, semicolon, colon, backslash, the equal sign, double quotes, single quotes and braces. Update the reference designator in Design Entry HDL and then run Packager.
      #575 ERROR(SPCODD-575): Reference designator value 10TP_NCHG/ATB0_G has an invalid character. The list of invalid characters in reference designators is as follows: space, tab, asterisk, comma, semicolon, colon, backslash, the equal sign, double quotes, single quotes and braces. Update the reference designator in Design Entry HDL and then run Packager.
      #575 ERROR(SPCODD-575): Reference designator value 10TP_NCHG/ATB0_S has an invalid character. The list of invalid characters in reference designators is as follows: space, tab, asterisk, comma, semicolon, colon, backslash, the equal sign, double quotes, single quotes and braces. Update the reference designator in Design Entry HDL and then run Packager.
      #575 ERROR(SPCODD-575): Reference designator value 10TP_NPG/ATB1_F has an invalid character. The list of invalid characters in reference designators is as follows: space, tab, asterisk, comma, semicolon, colon, backslash, the equal sign, double quotes, single quotes and braces. Update the reference designator in Design Entry HDL and then run Packager.
      #575 ERROR(SPCODD-575): Reference designator value 10TP_NPG/ATB1_G has an invalid character. The list of invalid characters in reference designators is as follows: space, tab, asterisk, comma, semicolon, colon, backslash, the equal sign, double quotes, single quotes and braces. Update the reference designator in Design Entry HDL and then run Packager.
      #575 ERROR(SPCODD-575): Reference designator value 10TP_NPG/ATB1_S has an invalid character. The list of invalid characters in reference designators is as follows: space, tab, asterisk, comma, semicolon, colon, backslash, the equal sign, double quotes, single quotes and braces. Update the reference designator in Design Entry HDL and then run Packager.
      #575 ERROR(SPCODD-575): Reference designator value 11TP_AVSS2/TST has an invalid character. The list of invalid characters in reference designators is as follows: space, tab, asterisk, comma, semicolon, colon, backslash, the equal sign, double quotes, single quotes and braces. Update the reference designator in Design Entry HDL and then run Packager.
      #575 ERROR(SPCODD-575): Reference designator value 11TP_LSIN2/NCHGEN_F has an invalid character. The list of invalid characters in reference designators is as follows: space, tab, asterisk, comma, semicolon, colon, backslash, the equal sign, double quotes, single quotes and braces. Update the reference designator in Design Entry HDL and then run Packager.
      #575 ERROR(SPCODD-575): Reference designator value 11TP_LSIN2/NCHGEN_G has an invalid character. The list of invalid characters in reference designators is as follows: space, tab, asterisk, comma, semicolon, colon, backslash, the equal sign, double quotes, single quotes and braces. Update the reference designator in Design Entry HDL and then run Packager.
      #575 ERROR(SPCODD-575): Reference designator value 11TP_LSIN2/NCHGEN_S has an invalid character. The list of invalid characters in reference designators is as follows: space, tab, asterisk, comma, semicolon, colon, backslash, the equal sign, double quotes, single quotes and braces. Update the reference designator in Design Entry HDL and then run Packager.
      #575 ERROR(SPCODD-575): Reference designator value 11TP_LSOUT2/SUSPEND1_G has an invalid character. The list of invalid characters in reference designators is as follows: space, tab, asterisk, comma, semicolon, colon, backslash, the equal sign, double quotes, single quotes and braces. Update the reference designator in Design Entry HDL and then run Packager.
      #575 ERROR(SPCODD-575): Reference designator value 11TP_LSOUT2/SUSPEND1_S has an invalid character. The list of invalid characters in reference designators is as follows: space, tab, asterisk, comma, semicolon, colon, backslash, the equal sign, double quotes, single quotes and braces. Update the reference designator in Design Entry HDL and then run Packager.
      #575 ERROR(SPCODD-575): Reference designator value 11TP_LSOUT2/SUSPEND_F has an invalid character. The list of invalid characters in reference designators is as follows: space, tab, asterisk, comma, semicolon, colon, backslash, the equal sign, double quotes, single quotes and braces. Update the reference designator in Design Entry HDL and then run Packager.
      #575 ERROR(SPCODD-575): Reference designator value 11TP_NCHG/ATB0_F has an invalid character. The list of invalid characters in reference designators is as follows: space, tab, asterisk, comma, semicolon, colon, backslash, the equal sign, double quotes, single quotes and braces. Update the reference designator in Design Entry HDL and then run Packager.
      #575 ERROR(SPCODD-575): Reference designator value 11TP_NCHG/ATB0_G has an invalid character. The list of invalid characters in reference designators is as follows: space, tab, asterisk, comma, semicolon, colon, backslash, the equal sign, double quotes, single quotes and braces. Update the reference designator in Design Entry HDL and then run Packager.
      #575 ERROR(SPCODD-575): Reference designator value 11TP_NCHG/ATB0_S has an invalid character. The list of invalid characters in reference designators is as follows: space, tab, asterisk, comma, semicolon, colon, backslash, the equal sign, double quotes, single quotes and braces. Update the reference designator in Design Entry HDL and then run Packager.
      #575 ERROR(SPCODD-575): Reference designator value 11TP_NPG/ATB1_F has an invalid character. The list of invalid characters in reference designators is as follows: space, tab, asterisk, comma, semicolon, colon, backslash, the equal sign, double quotes, single quotes and braces. Update the reference designator in Design Entry HDL and then run Packager.
      #575 ERROR(SPCODD-575): Reference designator value 11TP_NPG/ATB1_G has an invalid character. The list of invalid characters in reference designators is as follows: space, tab, asterisk, comma, semicolon, colon, backslash, the equal sign, double quotes, single quotes and braces. Update the reference designator in Design Entry HDL and then run Packager.
      #575 ERROR(SPCODD-575): Reference designator value 11TP_NPG/ATB1_S has an invalid character. The list of invalid characters in reference designators is as follows: space, tab, asterisk, comma, semicolon, colon, backslash, the equal sign, double quotes, single quotes and braces. Update the reference designator in Design Entry HDL and then run Packager.
      #575 ERROR(SPCODD-575): Reference designator value 12TP_AVSS2/TST has an invalid character. The list of invalid characters in reference designators is as follows: space, tab, asterisk, comma, semicolon, colon, backslash, the equal sign, double quotes, single quotes and braces. Update the reference designator in Design Entry HDL and then run Packager.
      #575 ERROR(SPCODD-575): Reference designator value 12TP_LSIN2/NCHGEN_F has an invalid character. The list of invalid characters in reference designators is as follows: space, tab, asterisk, comma, semicolon, colon, backslash, the equal sign, double quotes, single quotes and braces. Update the reference designator in Design Entry HDL and then run Packager.
      #575 ERROR(SPCODD-575): Reference designator value 12TP_LSIN2/NCHGEN_G has an invalid character. The list of invalid characters in reference designators is as follows: space, tab, asterisk, comma, semicolon, colon, backslash, the equal sign, double quotes, single quotes and braces. Update the reference designator in Design Entry HDL and then run Packager.
      #575 ERROR(SPCODD-575): Reference designator value 12TP_LSIN2/NCHGEN_S has an invalid character. The list of invalid characters in reference designators is as follows: space, tab, asterisk, comma, semicolon, colon, backslash, the equal sign, double quotes, single quotes and braces. Update the reference designator in Design Entry HDL and then run Packager.
      #575 ERROR(SPCODD-575): Reference designator value 12TP_LSOUT2/SUSPEND1_G has an invalid character. The list of invalid characters in reference designators is as follows: space, tab, asterisk, comma, semicolon, colon, backslash, the equal sign, double quotes, single quotes and braces. Update the reference designator in Design Entry HDL and then run Packager.
      #575 ERROR(SPCODD-575): Reference designator value 12TP_LSOUT2/SUSPEND1_S has an invalid character. The list of invalid characters in reference designators is as follows: space, tab, asterisk, comma, semicolon, colon, backslash, the equal sign, double quotes, single quotes and braces. Update the reference designator in Design Entry HDL and then run Packager.
      #575 ERROR(SPCODD-575): Reference designator value 12TP_LSOUT2/SUSPEND_F has an invalid character. The list of invalid characters in reference designators is as follows: space, tab, asterisk, comma, semicolon, colon, backslash, the equal sign, double quotes, single quotes and braces. Update the reference designator in Design Entry HDL and then run Packager.
      #575 ERROR(SPCODD-575): Reference designator value 12TP_NCHG/ATB0_F has an invalid character. The list of invalid characters in reference designators is as follows: space, tab, asterisk, comma, semicolon, colon, backslash, the equal sign, double quotes, single quotes and braces. Update the reference designator in Design Entry HDL and then run Packager.
      #575 ERROR(SPCODD-575): Reference designator value 12TP_NCHG/ATB0_G has an invalid character. The list of invalid characters in reference designators is as follows: space, tab, asterisk, comma, semicolon, colon, backslash, the equal sign, double quotes, single quotes and braces. Update the reference designator in Design Entry HDL and then run Packager.
      #575 ERROR(SPCODD-575): Reference designator value 12TP_NCHG/ATB0_S has an invalid character. The list of invalid characters in reference designators is as follows: space, tab, asterisk, comma, semicolon, colon, backslash, the equal sign, double quotes, single quotes and braces. Update the reference designator in Design Entry HDL and then run Packager.
      #575 ERROR(SPCODD-575): Reference designator value 12TP_NPG/ATB1_F has an invalid character. The list of invalid characters in reference designators is as follows: space, tab, asterisk, comma, semicolon, colon, backslash, the equal sign, double quotes, single quotes and braces. Update the reference designator in Design Entry HDL and then run Packager.
      #575 ERROR(SPCODD-575): Reference designator value 12TP_NPG/ATB1_G has an invalid character. The list of invalid characters in reference designators is as follows: space, tab, asterisk, comma, semicolon, colon, backslash, the equal sign, double quotes, single quotes and braces. Update the reference designator in Design Entry HDL and then run Packager.
      #575 ERROR(SPCODD-575): Reference designator value 12TP_NPG/ATB1_S has an invalid character. The list of invalid characters in reference designators is as follows: space, tab, asterisk, comma, semicolon, colon, backslash, the equal sign, double quotes, single quotes and braces. Update the reference designator in Design Entry HDL and then run Packager.
      #575 ERROR(SPCODD-575): Reference designator value 13TP_AVSS2/TST has an invalid character. The list of invalid characters in reference designators is as follows: space, tab, asterisk, comma, semicolon, colon, backslash, the equal sign, double quotes, single quotes and braces. Update the reference designator in Design Entry HDL and then run Packager.
      #575 ERROR(SPCODD-575): Reference designator value 13TP_LSIN2/NCHGEN_F has an invalid character. The list of invalid characters in reference designators is as follows: space, tab, asterisk, comma, semicolon, colon, backslash, the equal sign, double quotes, single quotes and braces. Update the reference designator in Design Entry HDL and then run Packager.
      #575 ERROR(SPCODD-575): Reference designator value 13TP_LSIN2/NCHGEN_G has an invalid character. The list of invalid characters in reference designators is as follows: space, tab, asterisk, comma, semicolon, colon, backslash, the equal sign, double quotes, single quotes and braces. Update the reference designator in Design Entry HDL and then run Packager.
      #575 ERROR(SPCODD-575): Reference designator value 13TP_LSIN2/NCHGEN_S has an invalid character. The list of invalid characters in reference designators is as follows: space, tab, asterisk, comma, semicolon, colon, backslash, the equal sign, double quotes, single quotes and braces. Update the reference designator in Design Entry HDL and then run Packager.
      #575 ERROR(SPCODD-575): Reference designator value 13TP_LSOUT2/SUSPEND1_G has an invalid character. The list of invalid characters in reference designators is as follows: space, tab, asterisk, comma, semicolon, colon, backslash, the equal sign, double quotes, single quotes and braces. Update the reference designator in Design Entry HDL and then run Packager.
      #575 ERROR(SPCODD-575): Reference designator value 13TP_LSOUT2/SUSPEND1_S has an invalid character. The list of invalid characters in reference designators is as follows: space, tab, asterisk, comma, semicolon, colon, backslash, the equal sign, double quotes, single quotes and braces. Update the reference designator in Design Entry HDL and then run Packager.
      #575 ERROR(SPCODD-575): Reference designator value 13TP_LSOUT2/SUSPEND_F has an invalid character. The list of invalid characters in reference designators is as follows: space, tab, asterisk, comma, semicolon, colon, backslash, the equal sign, double quotes, single quotes and braces. Update the reference designator in Design Entry HDL and then run Packager.
      #575 ERROR(SPCODD-575): Reference designator value 13TP_NCHG/ATB0_F has an invalid character. The list of invalid characters in reference designators is as follows: space, tab, asterisk, comma, semicolon, colon, backslash, the equal sign, double quotes, single quotes and braces. Update the reference designator in Design Entry HDL and then run Packager.
      #575 ERROR(SPCODD-575): Reference designator value 13TP_NCHG/ATB0_G has an invalid character. The list of invalid characters in reference designators is as follows: space, tab, asterisk, comma, semicolon, colon, backslash, the equal sign, double quotes, single quotes and braces. Update the reference designator in Design Entry HDL and then run Packager.
      #575 ERROR(SPCODD-575): Reference designator value 13TP_NCHG/ATB0_S has an invalid character. The list of invalid characters in reference designators is as follows: space, tab, asterisk, comma, semicolon, colon, backslash, the equal sign, double quotes, single quotes and braces. Update the reference designator in Design Entry HDL and then run Packager.
      #575 ERROR(SPCODD-575): Reference designator value 13TP_NPG/ATB1_F has an invalid character. The list of invalid characters in reference designators is as follows: space, tab, asterisk, comma, semicolon, colon, backslash, the equal sign, double quotes, single quotes and braces. Update the reference designator in Design Entry HDL and then run Packager.
      #575 ERROR(SPCODD-575): Reference designator value 13TP_NPG/ATB1_G has an invalid character. The list of invalid characters in reference designators is as follows: space, tab, asterisk, comma, semicolon, colon, backslash, the equal sign, double quotes, single quotes and braces. Update the reference designator in Design Entry HDL and then run Packager.
      #575 ERROR(SPCODD-575): Reference designator value 13TP_NPG/ATB1_S has an invalid character. The list of invalid characters in reference designators is as follows: space, tab, asterisk, comma, semicolon, colon, backslash, the equal sign, double quotes, single quotes and braces. Update the reference designator in Design Entry HDL and then run Packager.
      #575 ERROR(SPCODD-575): Reference designator value 14TP_AVSS2/TST has an invalid character. The list of invalid characters in reference designators is as follows: space, tab, asterisk, comma, semicolon, colon, backslash, the equal sign, double quotes, single quotes and braces. Update the reference designator in Design Entry HDL and then run Packager.
      #575 ERROR(SPCODD-575): Reference designator value 14TP_LSIN2/NCHGEN_F has an invalid character. The list of invalid characters in reference designators is as follows: space, tab, asterisk, comma, semicolon, colon, backslash, the equal sign, double quotes, single quotes and braces. Update the reference designator in Design Entry HDL and then run Packager.
      #575 ERROR(SPCODD-575): Reference designator value 14TP_LSIN2/NCHGEN_G has an invalid character. The list of invalid characters in reference designators is as follows: space, tab, asterisk, comma, semicolon, colon, backslash, the equal sign, double quotes, single quotes and braces. Update the reference designator in Design Entry HDL and then run Packager.
      #575 ERROR(SPCODD-575): Reference designator value 14TP_LSIN2/NCHGEN_S has an invalid character. The list of invalid characters in reference designators is as follows: space, tab, asterisk, comma, semicolon, colon, backslash, the equal sign, double quotes, single quotes and braces. Update the reference designator in Design Entry HDL and then run Packager.
      #575 ERROR(SPCODD-575): Reference designator value 14TP_LSOUT2/SUSPEND1_G has an invalid character. The list of invalid characters in reference designators is as follows: space, tab, asterisk, comma, semicolon, colon, backslash, the equal sign, double quotes, single quotes and braces. Update the reference designator in Design Entry HDL and then run Packager.
      #575 ERROR(SPCODD-575): Reference designator value 14TP_LSOUT2/SUSPEND1_S has an invalid character. The list of invalid characters in reference designators is as follows: space, tab, asterisk, comma, semicolon, colon, backslash, the equal sign, double quotes, single quotes and braces. Update the reference designator in Design Entry HDL and then run Packager.
      #575 ERROR(SPCODD-575): Reference designator value 14TP_LSOUT2/SUSPEND_F has an invalid character. The list of invalid characters in reference designators is as follows: space, tab, asterisk, comma, semicolon, colon, backslash, the equal sign, double quotes, single quotes and braces. Update the reference designator in Design Entry HDL and then run Packager.
      #575 ERROR(SPCODD-575): Reference designator value 14TP_NCHG/ATB0_F has an invalid character. The list of invalid characters in reference designators is as follows: space, tab, asterisk, comma, semicolon, colon, backslash, the equal sign, double quotes, single quotes and braces. Update the reference designator in Design Entry HDL and then run Packager.
      #575 ERROR(SPCODD-575): Reference designator value 14TP_NCHG/ATB0_G has an invalid character. The list of invalid characters in reference designators is as follows: space, tab, asterisk, comma, semicolon, colon, backslash, the equal sign, double quotes, single quotes and braces. Update the reference designator in Design Entry HDL and then run Packager.
      #575 ERROR(SPCODD-575): Reference designator value 14TP_NCHG/ATB0_S has an invalid character. The list of invalid characters in reference designators is as follows: space, tab, asterisk, comma, semicolon, colon, backslash, the equal sign, double quotes, single quotes and braces. Update the reference designator in Design Entry HDL and then run Packager.
      #575 ERROR(SPCODD-575): Reference designator value 14TP_NPG/ATB1_F has an invalid character. The list of invalid characters in reference designators is as follows: space, tab, asterisk, comma, semicolon, colon, backslash, the equal sign, double quotes, single quotes and braces. Update the reference designator in Design Entry HDL and then run Packager.
      #575 ERROR(SPCODD-575): Reference designator value 14TP_NPG/ATB1_G has an invalid character. The list of invalid characters in reference designators is as follows: space, tab, asterisk, comma, semicolon, colon, backslash, the equal sign, double quotes, single quotes and braces. Update the reference designator in Design Entry HDL and then run Packager.
      #575 ERROR(SPCODD-575): Reference designator value 14TP_NPG/ATB1_S has an invalid character. The list of invalid characters in reference designators is as follows: space, tab, asterisk, comma, semicolon, colon, backslash, the equal sign, double quotes, single quotes and braces. Update the reference designator in Design Entry HDL and then run Packager.
      #575 ERROR(SPCODD-575): Reference designator value 15TP_AVSS2/TST has an invalid character. The list of invalid characters in reference designators is as follows: space, tab, asterisk, comma, semicolon, colon, backslash, the equal sign, double quotes, single quotes and braces. Update the reference designator in Design Entry HDL and then run Packager.
      #575 ERROR(SPCODD-575): Reference designator value 15TP_LSIN2/NCHGEN_F has an invalid character. The list of invalid characters in reference designators is as follows: space, tab, asterisk, comma, semicolon, colon, backslash, the equal sign, double quotes, single quotes and braces. Update the reference designator in Design Entry HDL and then run Packager.
      #575 ERROR(SPCODD-575): Reference designator value 15TP_LSIN2/NCHGEN_G has an invalid character. The list of invalid characters in reference designators is as follows: space, tab, asterisk, comma, semicolon, colon, backslash, the equal sign, double quotes, single quotes and braces. Update the reference designator in Design Entry HDL and then run Packager.
      #575 ERROR(SPCODD-575): Reference designator value 15TP_LSIN2/NCHGEN_S has an invalid character. The list of invalid characters in reference designators is as follows: space, tab, asterisk, comma, semicolon, colon, backslash, the equal sign, double quotes, single quotes and braces. Update the reference designator in Design Entry HDL and then run Packager.
      #575 ERROR(SPCODD-575): Reference designator value 15TP_LSOUT2/SUSPEND1_G has an invalid character. The list of invalid characters in reference designators is as follows: space, tab, asterisk, comma, semicolon, colon, backslash, the equal sign, double quotes, single quotes and braces. Update the reference designator in Design Entry HDL and then run Packager.
      #575 ERROR(SPCODD-575): Reference designator value 15TP_LSOUT2/SUSPEND1_S has an invalid character. The list of invalid characters in reference designators is as follows: space, tab, asterisk, comma, semicolon, colon, backslash, the equal sign, double quotes, single quotes and braces. Update the reference designator in Design Entry HDL and then run Packager.
      #575 ERROR(SPCODD-575): Reference designator value 15TP_LSOUT2/SUSPEND_F has an invalid character. The list of invalid characters in reference designators is as follows: space, tab, asterisk, comma, semicolon, colon, backslash, the equal sign, double quotes, single quotes and braces. Update the reference designator in Design Entry HDL and then run Packager.
      #575 ERROR(SPCODD-575): Reference designator value 15TP_NCHG/ATB0_F has an invalid character. The list of invalid characters in reference designators is as follows: space, tab, asterisk, comma, semicolon, colon, backslash, the equal sign, double quotes, single quotes and braces. Update the reference designator in Design Entry HDL and then run Packager.
      #575 ERROR(SPCODD-575): Reference designator value 15TP_NCHG/ATB0_G has an invalid character. The list of invalid characters in reference designators is as follows: space, tab, asterisk, comma, semicolon, colon, backslash, the equal sign, double quotes, single quotes and braces. Update the reference designator in Design Entry HDL and then run Packager.
      #575 ERROR(SPCODD-575): Reference designator value 15TP_NCHG/ATB0_S has an invalid character. The list of invalid characters in reference designators is as follows: space, tab, asterisk, comma, semicolon, colon, backslash, the equal sign, double quotes, single quotes and braces. Update the reference designator in Design Entry HDL and then run Packager.
      #575 ERROR(SPCODD-575): Reference designator value 15TP_NPG/ATB1_F has an invalid character. The list of invalid characters in reference designators is as follows: space, tab, asterisk, comma, semicolon, colon, backslash, the equal sign, double quotes, single quotes and braces. Update the reference designator in Design Entry HDL and then run Packager.
      #575 ERROR(SPCODD-575): Reference designator value 15TP_NPG/ATB1_G has an invalid character. The list of invalid characters in reference designators is as follows: space, tab, asterisk, comma, semicolon, colon, backslash, the equal sign, double quotes, single quotes and braces. Update the reference designator in Design Entry HDL and then run Packager.
      #575 ERROR(SPCODD-575): Reference designator value 15TP_NPG/ATB1_S has an invalid character. The list of invalid characters in reference designators is as follows: space, tab, asterisk, comma, semicolon, colon, backslash, the equal sign, double quotes, single quotes and braces. Update the reference designator in Design Entry HDL and then run Packager.
      #575 ERROR(SPCODD-575): Reference designator value 16TP_AVSS2/TST has an invalid character. The list of invalid characters in reference designators is as follows: space, tab, asterisk, comma, semicolon, colon, backslash, the equal sign, double quotes, single quotes and braces. Update the reference designator in Design Entry HDL and then run Packager.
      #575 ERROR(SPCODD-575): Reference designator value 16TP_LSIN2/NCHGEN_F has an invalid character. The list of invalid characters in reference designators is as follows: space, tab, asterisk, comma, semicolon, colon, backslash, the equal sign, double quotes, single quotes and braces. Update the reference designator in Design Entry HDL and then run Packager.
      #575 ERROR(SPCODD-575): Reference designator value 16TP_LSIN2/NCHGEN_G has an invalid character. The list of invalid characters in reference designators is as follows: space, tab, asterisk, comma, semicolon, colon, backslash, the equal sign, double quotes, single quotes and braces. Update the reference designator in Design Entry HDL and then run Packager.
      #575 ERROR(SPCODD-575): Reference designator value 16TP_LSIN2/NCHGEN_S has an invalid character. The list of invalid characters in reference designators is as follows: space, tab, asterisk, comma, semicolon, colon, backslash, the equal sign, double quotes, single quotes and braces. Update the reference designator in Design Entry HDL and then run Packager.
      #575 ERROR(SPCODD-575): Reference designator value 16TP_LSOUT2/SUSPEND1_G has an invalid character. The list of invalid characters in reference designators is as follows: space, tab, asterisk, comma, semicolon, colon, backslash, the equal sign, double quotes, single quotes and braces. Update the reference designator in Design Entry HDL and then run Packager.
      #575 ERROR(SPCODD-575): Reference designator value 16TP_LSOUT2/SUSPEND1_S has an invalid character. The list of invalid characters in reference designators is as follows: space, tab, asterisk, comma, semicolon, colon, backslash, the equal sign, double quotes, single quotes and braces. Update the reference designator in Design Entry HDL and then run Packager.
      #575 ERROR(SPCODD-575): Reference designator value 16TP_LSOUT2/SUSPEND_F has an invalid character. The list of invalid characters in reference designators is as follows: space, tab, asterisk, comma, semicolon, colon, backslash, the equal sign, double quotes, single quotes and braces. Update the reference designator in Design Entry HDL and then run Packager.
      #575 ERROR(SPCODD-575): Reference designator value 16TP_NCHG/ATB0_F has an invalid character. The list of invalid characters in reference designators is as follows: space, tab, asterisk, comma, semicolon, colon, backslash, the equal sign, double quotes, single quotes and braces. Update the reference designator in Design Entry HDL and then run Packager.
      #575 ERROR(SPCODD-575): Reference designator value 16TP_NCHG/ATB0_G has an invalid character. The list of invalid characters in reference designators is as follows: space, tab, asterisk, comma, semicolon, colon, backslash, the equal sign, double quotes, single quotes and braces. Update the reference designator in Design Entry HDL and then run Packager.
      #575 ERROR(SPCODD-575): Reference designator value 16TP_NCHG/ATB0_S has an invalid character. The list of invalid characters in reference designators is as follows: space, tab, asterisk, comma, semicolon, colon, backslash, the equal sign, double quotes, single quotes and braces. Update the reference designator in Design Entry HDL and then run Packager.
      #575 ERROR(SPCODD-575): Reference designator value 16TP_NPG/ATB1_F has an invalid character. The list of invalid characters in reference designators is as follows: space, tab, asterisk, comma, semicolon, colon, backslash, the equal sign, double quotes, single quotes and braces. Update the reference designator in Design Entry HDL and then run Packager.
      #575 ERROR(SPCODD-575): Reference designator value 16TP_NPG/ATB1_G has an invalid character. The list of invalid characters in reference designators is as follows: space, tab, asterisk, comma, semicolon, colon, backslash, the equal sign, double quotes, single quotes and braces. Update the reference designator in Design Entry HDL and then run Packager.
      #575 ERROR(SPCODD-575): Reference designator value 16TP_NPG/ATB1_S has an invalid character. The list of invalid characters in reference designators is as follows: space, tab, asterisk, comma, semicolon, colon, backslash, the equal sign, double quotes, single quotes and braces. Update the reference designator in Design Entry HDL and then run Packager.
      #575 ERROR(SPCODD-575): Reference designator value 1TP_AVSS2/TST has an invalid character. The list of invalid characters in reference designators is as follows: space, tab, asterisk, comma, semicolon, colon, backslash, the equal sign, double quotes, single quotes and braces. Update the reference designator in Design Entry HDL and then run Packager.
      #575 ERROR(SPCODD-575): Reference designator value 1TP_LSIN2/NCHGEN_F has an invalid character. The list of invalid characters in reference designators is as follows: space, tab, asterisk, comma, semicolon, colon, backslash, the equal sign, double quotes, single quotes and braces. Update the reference designator in Design Entry HDL and then run Packager.
      #575 ERROR(SPCODD-575): Reference designator value 1TP_LSIN2/NCHGEN_G has an invalid character. The list of invalid characters in reference designators is as follows: space, tab, asterisk, comma, semicolon, colon, backslash, the equal sign, double quotes, single quotes and braces. Update the reference designator in Design Entry HDL and then run Packager.
      #575 ERROR(SPCODD-575): Reference designator value 1TP_LSIN2/NCHGEN_S has an invalid character. The list of invalid characters in reference designators is as follows: space, tab, asterisk, comma, semicolon, colon, backslash, the equal sign, double quotes, single quotes and braces. Update the reference designator in Design Entry HDL and then run Packager.
      #575 ERROR(SPCODD-575): Reference designator value 1TP_LSOUT2/SUSPEND1_G has an invalid character. The list of invalid characters in reference designators is as follows: space, tab, asterisk, comma, semicolon, colon, backslash, the equal sign, double quotes, single quotes and braces. Update the reference designator in Design Entry HDL and then run Packager.
      #575 ERROR(SPCODD-575): Reference designator value 1TP_LSOUT2/SUSPEND1_S has an invalid character. The list of invalid characters in reference designators is as follows: space, tab, asterisk, comma, semicolon, colon, backslash, the equal sign, double quotes, single quotes and braces. Update the reference designator in Design Entry HDL and then run Packager.
      #575 ERROR(SPCODD-575): Reference designator value 1TP_LSOUT2/SUSPEND_F has an invalid character. The list of invalid characters in reference designators is as follows: space, tab, asterisk, comma, semicolon, colon, backslash, the equal sign, double quotes, single quotes and braces. Update the reference designator in Design Entry HDL and then run Packager.
      #575 ERROR(SPCODD-575): Reference designator value 1TP_NCHG/ATB0_F has an invalid character. The list of invalid characters in reference designators is as follows: space, tab, asterisk, comma, semicolon, colon, backslash, the equal sign, double quotes, single quotes and braces. Update the reference designator in Design Entry HDL and then run Packager.
      #575 ERROR(SPCODD-575): Reference designator value 1TP_NCHG/ATB0_G has an invalid character. The list of invalid characters in reference designators is as follows: space, tab, asterisk, comma, semicolon, colon, backslash, the equal sign, double quotes, single quotes and braces. Update the reference designator in Design Entry HDL and then run Packager.
      #575 ERROR(SPCODD-575): Reference designator value 1TP_NCHG/ATB0_S has an invalid character. The list of invalid characters in reference designators is as follows: space, tab, asterisk, comma, semicolon, colon, backslash, the equal sign, double quotes, single quotes and braces. Update the reference designator in Design Entry HDL and then run Packager.
      #575 ERROR(SPCODD-575): Reference designator value 1TP_NPG/ATB1_F has an invalid character. The list of invalid characters in reference designators is as follows: space, tab, asterisk, comma, semicolon, colon, backslash, the equal sign, double quotes, single quotes and braces. Update the reference designator in Design Entry HDL and then run Packager.
      #575 ERROR(SPCODD-575): Reference designator value 1TP_NPG/ATB1_G has an invalid character. The list of invalid characters in reference designators is as follows: space, tab, asterisk, comma, semicolon, colon, backslash, the equal sign, double quotes, single quotes and braces. Update the reference designator in Design Entry HDL and then run Packager.
      #575 ERROR(SPCODD-575): Reference designator value 1TP_NPG/ATB1_S has an invalid character. The list of invalid characters in reference designators is as follows: space, tab, asterisk, comma, semicolon, colon, backslash, the equal sign, double quotes, single quotes and braces. Update the reference designator in Design Entry HDL and then run Packager.
      #575 ERROR(SPCODD-575): Reference designator value 2TP_AVSS2/TST has an invalid character. The list of invalid characters in reference designators is as follows: space, tab, asterisk, comma, semicolon, colon, backslash, the equal sign, double quotes, single quotes and braces. Update the reference designator in Design Entry HDL and then run Packager.
      #575 ERROR(SPCODD-575): Reference designator value 2TP_LSIN2/NCHGEN_F has an invalid character. The list of invalid characters in reference designators is as follows: space, tab, asterisk, comma, semicolon, colon, backslash, the equal sign, double quotes, single quotes and braces. Update the reference designator in Design Entry HDL and then run Packager.
      #575 ERROR(SPCODD-575): Reference designator value 2TP_LSIN2/NCHGEN_G has an invalid character. The list of invalid characters in reference designators is as follows: space, tab, asterisk, comma, semicolon, colon, backslash, the equal sign, double quotes, single quotes and braces. Update the reference designator in Design Entry HDL and then run Packager.
      #575 ERROR(SPCODD-575): Reference designator value 2TP_LSIN2/NCHGEN_S has an invalid character. The list of invalid characters in reference designators is as follows: space, tab, asterisk, comma, semicolon, colon, backslash, the equal sign, double quotes, single quotes and braces. Update the reference designator in Design Entry HDL and then run Packager.
      #575 ERROR(SPCODD-575): Reference designator value 2TP_LSOUT2/SUSPEND1_G has an invalid character. The list of invalid characters in reference designators is as follows: space, tab, asterisk, comma, semicolon, colon, backslash, the equal sign, double quotes, single quotes and braces. Update the reference designator in Design Entry HDL and then run Packager.
      #575 ERROR(SPCODD-575): Reference designator value 2TP_LSOUT2/SUSPEND1_S has an invalid character. The list of invalid characters in reference designators is as follows: space, tab, asterisk, comma, semicolon, colon, backslash, the equal sign, double quotes, single quotes and braces. Update the reference designator in Design Entry HDL and then run Packager.
      #575 ERROR(SPCODD-575): Reference designator value 2TP_LSOUT2/SUSPEND_F has an invalid character. The list of invalid characters in reference designators is as follows: space, tab, asterisk, comma, semicolon, colon, backslash, the equal sign, double quotes, single quotes and braces. Update the reference designator in Design Entry HDL and then run Packager.
      #575 ERROR(SPCODD-575): Reference designator value 2TP_NCHG/ATB0_F has an invalid character. The list of invalid characters in reference designators is as follows: space, tab, asterisk, comma, semicolon, colon, backslash, the equal sign, double quotes, single quotes and braces. Update the reference designator in Design Entry HDL and then run Packager.
      #575 ERROR(SPCODD-575): Reference designator value 2TP_NCHG/ATB0_G has an invalid character. The list of invalid characters in reference designators is as follows: space, tab, asterisk, comma, semicolon, colon, backslash, the equal sign, double quotes, single quotes and braces. Update the reference designator in Design Entry HDL and then run Packager.
      #575 ERROR(SPCODD-575): Reference designator value 2TP_NCHG/ATB0_S has an invalid character. The list of invalid characters in reference designators is as follows: space, tab, asterisk, comma, semicolon, colon, backslash, the equal sign, double quotes, single quotes and braces. Update the reference designator in Design Entry HDL and then run Packager.
      #575 ERROR(SPCODD-575): Reference designator value 2TP_NPG/ATB1_F has an invalid character. The list of invalid characters in reference designators is as follows: space, tab, asterisk, comma, semicolon, colon, backslash, the equal sign, double quotes, single quotes and braces. Update the reference designator in Design Entry HDL and then run Packager.
      #575 ERROR(SPCODD-575): Reference designator value 2TP_NPG/ATB1_G has an invalid character. The list of invalid characters in reference designators is as follows: space, tab, asterisk, comma, semicolon, colon, backslash, the equal sign, double quotes, single quotes and braces. Update the reference designator in Design Entry HDL and then run Packager.
      #575 ERROR(SPCODD-575): Reference designator value 2TP_NPG/ATB1_S has an invalid character. The list of invalid characters in reference designators is as follows: space, tab, asterisk, comma, semicolon, colon, backslash, the equal sign, double quotes, single quotes and braces. Update the reference designator in Design Entry HDL and then run Packager.
      #575 ERROR(SPCODD-575): Reference designator value 3TP_AVSS2/TST has an invalid character. The list of invalid characters in reference designators is as follows: space, tab, asterisk, comma, semicolon, colon, backslash, the equal sign, double quotes, single quotes and braces. Update the reference designator in Design Entry HDL and then run Packager.
      #575 ERROR(SPCODD-575): Reference designator value 3TP_LSIN2/NCHGEN_F has an invalid character. The list of invalid characters in reference designators is as follows: space, tab, asterisk, comma, semicolon, colon, backslash, the equal sign, double quotes, single quotes and braces. Update the reference designator in Design Entry HDL and then run Packager.
      #575 ERROR(SPCODD-575): Reference designator value 3TP_LSIN2/NCHGEN_G has an invalid character. The list of invalid characters in reference designators is as follows: space, tab, asterisk, comma, semicolon, colon, backslash, the equal sign, double quotes, single quotes and braces. Update the reference designator in Design Entry HDL and then run Packager.
      #575 ERROR(SPCODD-575): Reference designator value 3TP_LSIN2/NCHGEN_S has an invalid character. The list of invalid characters in reference designators is as follows: space, tab, asterisk, comma, semicolon, colon, backslash, the equal sign, double quotes, single quotes and braces. Update the reference designator in Design Entry HDL and then run Packager.
      #575 ERROR(SPCODD-575): Reference designator value 3TP_LSOUT2/SUSPEND1_G has an invalid character. The list of invalid characters in reference designators is as follows: space, tab, asterisk, comma, semicolon, colon, backslash, the equal sign, double quotes, single quotes and braces. Update the reference designator in Design Entry HDL and then run Packager.
      #575 ERROR(SPCODD-575): Reference designator value 3TP_LSOUT2/SUSPEND1_S has an invalid character. The list of invalid characters in reference designators is as follows: space, tab, asterisk, comma, semicolon, colon, backslash, the equal sign, double quotes, single quotes and braces. Update the reference designator in Design Entry HDL and then run Packager.
      #575 ERROR(SPCODD-575): Reference designator value 3TP_LSOUT2/SUSPEND_F has an invalid character. The list of invalid characters in reference designators is as follows: space, tab, asterisk, comma, semicolon, colon, backslash, the equal sign, double quotes, single quotes and braces. Update the reference designator in Design Entry HDL and then run Packager.
      #575 ERROR(SPCODD-575): Reference designator value 3TP_NCHG/ATB0_F has an invalid character. The list of invalid characters in reference designators is as follows: space, tab, asterisk, comma, semicolon, colon, backslash, the equal sign, double quotes, single quotes and braces. Update the reference designator in Design Entry HDL and then run Packager.
      #575 ERROR(SPCODD-575): Reference designator value 3TP_NCHG/ATB0_G has an invalid character. The list of invalid characters in reference designators is as follows: space, tab, asterisk, comma, semicolon, colon, backslash, the equal sign, double quotes, single quotes and braces. Update the reference designator in Design Entry HDL and then run Packager.
      #575 ERROR(SPCODD-575): Reference designator value 3TP_NCHG/ATB0_S has an invalid character. The list of invalid characters in reference designators is as follows: space, tab, asterisk, comma, semicolon, colon, backslash, the equal sign, double quotes, single quotes and braces. Update the reference designator in Design Entry HDL and then run Packager.
      #575 ERROR(SPCODD-575): Reference designator value 3TP_NPG/ATB1_F has an invalid character. The list of invalid characters in reference designators is as follows: space, tab, asterisk, comma, semicolon, colon, backslash, the equal sign, double quotes, single quotes and braces. Update the reference designator in Design Entry HDL and then run Packager.
      #575 ERROR(SPCODD-575): Reference designator value 3TP_NPG/ATB1_G has an invalid character. The list of invalid characters in reference designators is as follows: space, tab, asterisk, comma, semicolon, colon, backslash, the equal sign, double quotes, single quotes and braces. Update the reference designator in Design Entry HDL and then run Packager.
      #575 ERROR(SPCODD-575): Reference designator value 3TP_NPG/ATB1_S has an invalid character. The list of invalid characters in reference designators is as follows: space, tab, asterisk, comma, semicolon, colon, backslash, the equal sign, double quotes, single quotes and braces. Update the reference designator in Design Entry HDL and then run Packager.
      #575 ERROR(SPCODD-575): Reference designator value 4TP_AVSS2/TST has an invalid character. The list of invalid characters in reference designators is as follows: space, tab, asterisk, comma, semicolon, colon, backslash, the equal sign, double quotes, single quotes and braces. Update the reference designator in Design Entry HDL and then run Packager.
      #575 ERROR(SPCODD-575): Reference designator value 4TP_LSIN2/NCHGEN_F has an invalid character. The list of invalid characters in reference designators is as follows: space, tab, asterisk, comma, semicolon, colon, backslash, the equal sign, double quotes, single quotes and braces. Update the reference designator in Design Entry HDL and then run Packager.
      #575 ERROR(SPCODD-575): Reference designator value 4TP_LSIN2/NCHGEN_G has an invalid character. The list of invalid characters in reference designators is as follows: space, tab, asterisk, comma, semicolon, colon, backslash, the equal sign, double quotes, single quotes and braces. Update the reference designator in Design Entry HDL and then run Packager.
      #575 ERROR(SPCODD-575): Reference designator value 4TP_LSIN2/NCHGEN_S has an invalid character. The list of invalid characters in reference designators is as follows: space, tab, asterisk, comma, semicolon, colon, backslash, the equal sign, double quotes, single quotes and braces. Update the reference designator in Design Entry HDL and then run Packager.
      #575 ERROR(SPCODD-575): Reference designator value 4TP_LSOUT2/SUSPEND1_G has an invalid character. The list of invalid characters in reference designators is as follows: space, tab, asterisk, comma, semicolon, colon, backslash, the equal sign, double quotes, single quotes and braces. Update the reference designator in Design Entry HDL and then run Packager.
      #575 ERROR(SPCODD-575): Reference designator value 4TP_LSOUT2/SUSPEND1_S has an invalid character. The list of invalid characters in reference designators is as follows: space, tab, asterisk, comma, semicolon, colon, backslash, the equal sign, double quotes, single quotes and braces. Update the reference designator in Design Entry HDL and then run Packager.
      #575 ERROR(SPCODD-575): Reference designator value 4TP_LSOUT2/SUSPEND_F has an invalid character. The list of invalid characters in reference designators is as follows: space, tab, asterisk, comma, semicolon, colon, backslash, the equal sign, double quotes, single quotes and braces. Update the reference designator in Design Entry HDL and then run Packager.
      #575 ERROR(SPCODD-575): Reference designator value 4TP_NCHG/ATB0_F has an invalid character. The list of invalid characters in reference designators is as follows: space, tab, asterisk, comma, semicolon, colon, backslash, the equal sign, double quotes, single quotes and braces. Update the reference designator in Design Entry HDL and then run Packager.
      #575 ERROR(SPCODD-575): Reference designator value 4TP_NCHG/ATB0_G has an invalid character. The list of invalid characters in reference designators is as follows: space, tab, asterisk, comma, semicolon, colon, backslash, the equal sign, double quotes, single quotes and braces. Update the reference designator in Design Entry HDL and then run Packager.
      #575 ERROR(SPCODD-575): Reference designator value 4TP_NCHG/ATB0_S has an invalid character. The list of invalid characters in reference designators is as follows: space, tab, asterisk, comma, semicolon, colon, backslash, the equal sign, double quotes, single quotes and braces. Update the reference designator in Design Entry HDL and then run Packager.
      #575 ERROR(SPCODD-575): Reference designator value 4TP_NPG/ATB1_F has an invalid character. The list of invalid characters in reference designators is as follows: space, tab, asterisk, comma, semicolon, colon, backslash, the equal sign, double quotes, single quotes and braces. Update the reference designator in Design Entry HDL and then run Packager.
      #575 ERROR(SPCODD-575): Reference designator value 4TP_NPG/ATB1_G has an invalid character. The list of invalid characters in reference designators is as follows: space, tab, asterisk, comma, semicolon, colon, backslash, the equal sign, double quotes, single quotes and braces. Update the reference designator in Design Entry HDL and then run Packager.
      #575 ERROR(SPCODD-575): Reference designator value 4TP_NPG/ATB1_S has an invalid character. The list of invalid characters in reference designators is as follows: space, tab, asterisk, comma, semicolon, colon, backslash, the equal sign, double quotes, single quotes and braces. Update the reference designator in Design Entry HDL and then run Packager.
      #575 ERROR(SPCODD-575): Reference designator value 5TP_AVSS2/TST has an invalid character. The list of invalid characters in reference designators is as follows: space, tab, asterisk, comma, semicolon, colon, backslash, the equal sign, double quotes, single quotes and braces. Update the reference designator in Design Entry HDL and then run Packager.
      #575 ERROR(SPCODD-575): Reference designator value 5TP_LSIN2/NCHGEN_F has an invalid character. The list of invalid characters in reference designators is as follows: space, tab, asterisk, comma, semicolon, colon, backslash, the equal sign, double quotes, single quotes and braces. Update the reference designator in Design Entry HDL and then run Packager.
      #575 ERROR(SPCODD-575): Reference designator value 5TP_LSIN2/NCHGEN_G has an invalid character. The list of invalid characters in reference designators is as follows: space, tab, asterisk, comma, semicolon, colon, backslash, the equal sign, double quotes, single quotes and braces. Update the reference designator in Design Entry HDL and then run Packager.
      #575 ERROR(SPCODD-575): Reference designator value 5TP_LSIN2/NCHGEN_S has an invalid character. The list of invalid characters in reference designators is as follows: space, tab, asterisk, comma, semicolon, colon, backslash, the equal sign, double quotes, single quotes and braces. Update the reference designator in Design Entry HDL and then run Packager.
      #575 ERROR(SPCODD-575): Reference designator value 5TP_LSOUT2/SUSPEND1_G has an invalid character. The list of invalid characters in reference designators is as follows: space, tab, asterisk, comma, semicolon, colon, backslash, the equal sign, double quotes, single quotes and braces. Update the reference designator in Design Entry HDL and then run Packager.
      #575 ERROR(SPCODD-575): Reference designator value 5TP_LSOUT2/SUSPEND1_S has an invalid character. The list of invalid characters in reference designators is as follows: space, tab, asterisk, comma, semicolon, colon, backslash, the equal sign, double quotes, single quotes and braces. Update the reference designator in Design Entry HDL and then run Packager.
      #575 ERROR(SPCODD-575): Reference designator value 5TP_LSOUT2/SUSPEND_F has an invalid character. The list of invalid characters in reference designators is as follows: space, tab, asterisk, comma, semicolon, colon, backslash, the equal sign, double quotes, single quotes and braces. Update the reference designator in Design Entry HDL and then run Packager.
      #575 ERROR(SPCODD-575): Reference designator value 5TP_NCHG/ATB0_F has an invalid character. The list of invalid characters in reference designators is as follows: space, tab, asterisk, comma, semicolon, colon, backslash, the equal sign, double quotes, single quotes and braces. Update the reference designator in Design Entry HDL and then run Packager.
      #575 ERROR(SPCODD-575): Reference designator value 5TP_NCHG/ATB0_G has an invalid character. The list of invalid characters in reference designators is as follows: space, tab, asterisk, comma, semicolon, colon, backslash, the equal sign, double quotes, single quotes and braces. Update the reference designator in Design Entry HDL and then run Packager.
      #575 ERROR(SPCODD-575): Reference designator value 5TP_NCHG/ATB0_S has an invalid character. The list of invalid characters in reference designators is as follows: space, tab, asterisk, comma, semicolon, colon, backslash, the equal sign, double quotes, single quotes and braces. Update the reference designator in Design Entry HDL and then run Packager.
      #575 ERROR(SPCODD-575): Reference designator value 5TP_NPG/ATB1_F has an invalid character. The list of invalid characters in reference designators is as follows: space, tab, asterisk, comma, semicolon, colon, backslash, the equal sign, double quotes, single quotes and braces. Update the reference designator in Design Entry HDL and then run Packager.
      #575 ERROR(SPCODD-575): Reference designator value 5TP_NPG/ATB1_G has an invalid character. The list of invalid characters in reference designators is as follows: space, tab, asterisk, comma, semicolon, colon, backslash, the equal sign, double quotes, single quotes and braces. Update the reference designator in Design Entry HDL and then run Packager.
      #575 ERROR(SPCODD-575): Reference designator value 5TP_NPG/ATB1_S has an invalid character. The list of invalid characters in reference designators is as follows: space, tab, asterisk, comma, semicolon, colon, backslash, the equal sign, double quotes, single quotes and braces. Update the reference designator in Design Entry HDL and then run Packager.
      #575 ERROR(SPCODD-575): Reference designator value 6TP_AVSS2/TST has an invalid character. The list of invalid characters in reference designators is as follows: space, tab, asterisk, comma, semicolon, colon, backslash, the equal sign, double quotes, single quotes and braces. Update the reference designator in Design Entry HDL and then run Packager.
      #575 ERROR(SPCODD-575): Reference designator value 6TP_LSIN2/NCHGEN_F has an invalid character. The list of invalid characters in reference designators is as follows: space, tab, asterisk, comma, semicolon, colon, backslash, the equal sign, double quotes, single quotes and braces. Update the reference designator in Design Entry HDL and then run Packager.
      #575 ERROR(SPCODD-575): Reference designator value 6TP_LSIN2/NCHGEN_G has an invalid character. The list of invalid characters in reference designators is as follows: space, tab, asterisk, comma, semicolon, colon, backslash, the equal sign, double quotes, single quotes and braces. Update the reference designator in Design Entry HDL and then run Packager.
      #575 ERROR(SPCODD-575): Reference designator value 6TP_LSIN2/NCHGEN_S has an invalid character. The list of invalid characters in reference designators is as follows: space, tab, asterisk, comma, semicolon, colon, backslash, the equal sign, double quotes, single quotes and braces. Update the reference designator in Design Entry HDL and then run Packager.
      #575 ERROR(SPCODD-575): Reference designator value 6TP_LSOUT2/SUSPEND1_G has an invalid character. The list of invalid characters in reference designators is as follows: space, tab, asterisk, comma, semicolon, colon, backslash, the equal sign, double quotes, single quotes and braces. Update the reference designator in Design Entry HDL and then run Packager.
      #575 ERROR(SPCODD-575): Reference designator value 6TP_LSOUT2/SUSPEND1_S has an invalid character. The list of invalid characters in reference designators is as follows: space, tab, asterisk, comma, semicolon, colon, backslash, the equal sign, double quotes, single quotes and braces. Update the reference designator in Design Entry HDL and then run Packager.
      #575 ERROR(SPCODD-575): Reference designator value 6TP_LSOUT2/SUSPEND_F has an invalid character. The list of invalid characters in reference designators is as follows: space, tab, asterisk, comma, semicolon, colon, backslash, the equal sign, double quotes, single quotes and braces. Update the reference designator in Design Entry HDL and then run Packager.
      #575 ERROR(SPCODD-575): Reference designator value 6TP_NCHG/ATB0_F has an invalid character. The list of invalid characters in reference designators is as follows: space, tab, asterisk, comma, semicolon, colon, backslash, the equal sign, double quotes, single quotes and braces. Update the reference designator in Design Entry HDL and then run Packager.
      #575 ERROR(SPCODD-575): Reference designator value 6TP_NCHG/ATB0_G has an invalid character. The list of invalid characters in reference designators is as follows: space, tab, asterisk, comma, semicolon, colon, backslash, the equal sign, double quotes, single quotes and braces. Update the reference designator in Design Entry HDL and then run Packager.
      #575 ERROR(SPCODD-575): Reference designator value 6TP_NCHG/ATB0_S has an invalid character. The list of invalid characters in reference designators is as follows: space, tab, asterisk, comma, semicolon, colon, backslash, the equal sign, double quotes, single quotes and braces. Update the reference designator in Design Entry HDL and then run Packager.
      #575 ERROR(SPCODD-575): Reference designator value 6TP_NPG/ATB1_F has an invalid character. The list of invalid characters in reference designators is as follows: space, tab, asterisk, comma, semicolon, colon, backslash, the equal sign, double quotes, single quotes and braces. Update the reference designator in Design Entry HDL and then run Packager.
      #575 ERROR(SPCODD-575): Reference designator value 6TP_NPG/ATB1_G has an invalid character. The list of invalid characters in reference designators is as follows: space, tab, asterisk, comma, semicolon, colon, backslash, the equal sign, double quotes, single quotes and braces. Update the reference designator in Design Entry HDL and then run Packager.
      #575 ERROR(SPCODD-575): Reference designator value 6TP_NPG/ATB1_S has an invalid character. The list of invalid characters in reference designators is as follows: space, tab, asterisk, comma, semicolon, colon, backslash, the equal sign, double quotes, single quotes and braces. Update the reference designator in Design Entry HDL and then run Packager.
      #575 ERROR(SPCODD-575): Reference designator value 7TP_AVSS2/TST has an invalid character. The list of invalid characters in reference designators is as follows: space, tab, asterisk, comma, semicolon, colon, backslash, the equal sign, double quotes, single quotes and braces. Update the reference designator in Design Entry HDL and then run Packager.
      #575 ERROR(SPCODD-575): Reference designator value 7TP_LSIN2/NCHGEN_F has an invalid character. The list of invalid characters in reference designators is as follows: space, tab, asterisk, comma, semicolon, colon, backslash, the equal sign, double quotes, single quotes and braces. Update the reference designator in Design Entry HDL and then run Packager.
      #575 ERROR(SPCODD-575): Reference designator value 7TP_LSIN2/NCHGEN_G has an invalid character. The list of invalid characters in reference designators is as follows: space, tab, asterisk, comma, semicolon, colon, backslash, the equal sign, double quotes, single quotes and braces. Update the reference designator in Design Entry HDL and then run Packager.
      #575 ERROR(SPCODD-575): Reference designator value 7TP_LSIN2/NCHGEN_S has an invalid character. The list of invalid characters in reference designators is as follows: space, tab, asterisk, comma, semicolon, colon, backslash, the equal sign, double quotes, single quotes and braces. Update the reference designator in Design Entry HDL and then run Packager.
      #575 ERROR(SPCODD-575): Reference designator value 7TP_LSOUT2/SUSPEND1_G has an invalid character. The list of invalid characters in reference designators is as follows: space, tab, asterisk, comma, semicolon, colon, backslash, the equal sign, double quotes, single quotes and braces. Update the reference designator in Design Entry HDL and then run Packager.
      #575 ERROR(SPCODD-575): Reference designator value 7TP_LSOUT2/SUSPEND1_S has an invalid character. The list of invalid characters in reference designators is as follows: space, tab, asterisk, comma, semicolon, colon, backslash, the equal sign, double quotes, single quotes and braces. Update the reference designator in Design Entry HDL and then run Packager.
      #575 ERROR(SPCODD-575): Reference designator value 7TP_LSOUT2/SUSPEND_F has an invalid character. The list of invalid characters in reference designators is as follows: space, tab, asterisk, comma, semicolon, colon, backslash, the equal sign, double quotes, single quotes and braces. Update the reference designator in Design Entry HDL and then run Packager.
      #575 ERROR(SPCODD-575): Reference designator value 7TP_NCHG/ATB0_F has an invalid character. The list of invalid characters in reference designators is as follows: space, tab, asterisk, comma, semicolon, colon, backslash, the equal sign, double quotes, single quotes and braces. Update the reference designator in Design Entry HDL and then run Packager.
      #575 ERROR(SPCODD-575): Reference designator value 7TP_NCHG/ATB0_G has an invalid character. The list of invalid characters in reference designators is as follows: space, tab, asterisk, comma, semicolon, colon, backslash, the equal sign, double quotes, single quotes and braces. Update the reference designator in Design Entry HDL and then run Packager.
      #575 ERROR(SPCODD-575): Reference designator value 7TP_NCHG/ATB0_S has an invalid character. The list of invalid characters in reference designators is as follows: space, tab, asterisk, comma, semicolon, colon, backslash, the equal sign, double quotes, single quotes and braces. Update the reference designator in Design Entry HDL and then run Packager.
      #575 ERROR(SPCODD-575): Reference designator value 7TP_NPG/ATB1_F has an invalid character. The list of invalid characters in reference designators is as follows: space, tab, asterisk, comma, semicolon, colon, backslash, the equal sign, double quotes, single quotes and braces. Update the reference designator in Design Entry HDL and then run Packager.
      #575 ERROR(SPCODD-575): Reference designator value 7TP_NPG/ATB1_G has an invalid character. The list of invalid characters in reference designators is as follows: space, tab, asterisk, comma, semicolon, colon, backslash, the equal sign, double quotes, single quotes and braces. Update the reference designator in Design Entry HDL and then run Packager.
      #575 ERROR(SPCODD-575): Reference designator value 7TP_NPG/ATB1_S has an invalid character. The list of invalid characters in reference designators is as follows: space, tab, asterisk, comma, semicolon, colon, backslash, the equal sign, double quotes, single quotes and braces. Update the reference designator in Design Entry HDL and then run Packager.
      #575 ERROR(SPCODD-575): Reference designator value 8TP_AVSS2/TST has an invalid character. The list of invalid characters in reference designators is as follows: space, tab, asterisk, comma, semicolon, colon, backslash, the equal sign, double quotes, single quotes and braces. Update the reference designator in Design Entry HDL and then run Packager.
      #575 ERROR(SPCODD-575): Reference designator value 8TP_LSIN2/NCHGEN_F has an invalid character. The list of invalid characters in reference designators is as follows: space, tab, asterisk, comma, semicolon, colon, backslash, the equal sign, double quotes, single quotes and braces. Update the reference designator in Design Entry HDL and then run Packager.
      #575 ERROR(SPCODD-575): Reference designator value 8TP_LSIN2/NCHGEN_G has an invalid character. The list of invalid characters in reference designators is as follows: space, tab, asterisk, comma, semicolon, colon, backslash, the equal sign, double quotes, single quotes and braces. Update the reference designator in Design Entry HDL and then run Packager.
      #575 ERROR(SPCODD-575): Reference designator value 8TP_LSIN2/NCHGEN_S has an invalid character. The list of invalid characters in reference designators is as follows: space, tab, asterisk, comma, semicolon, colon, backslash, the equal sign, double quotes, single quotes and braces. Update the reference designator in Design Entry HDL and then run Packager.
      #575 ERROR(SPCODD-575): Reference designator value 8TP_LSOUT2/SUSPEND1_G has an invalid character. The list of invalid characters in reference designators is as follows: space, tab, asterisk, comma, semicolon, colon, backslash, the equal sign, double quotes, single quotes and braces. Update the reference designator in Design Entry HDL and then run Packager.
      #575 ERROR(SPCODD-575): Reference designator value 8TP_LSOUT2/SUSPEND1_S has an invalid character. The list of invalid characters in reference designators is as follows: space, tab, asterisk, comma, semicolon, colon, backslash, the equal sign, double quotes, single quotes and braces. Update the reference designator in Design Entry HDL and then run Packager.
      #575 ERROR(SPCODD-575): Reference designator value 8TP_LSOUT2/SUSPEND_F has an invalid character. The list of invalid characters in reference designators is as follows: space, tab, asterisk, comma, semicolon, colon, backslash, the equal sign, double quotes, single quotes and braces. Update the reference designator in Design Entry HDL and then run Packager.
      #575 ERROR(SPCODD-575): Reference designator value 8TP_NCHG/ATB0_F has an invalid character. The list of invalid characters in reference designators is as follows: space, tab, asterisk, comma, semicolon, colon, backslash, the equal sign, double quotes, single quotes and braces. Update the reference designator in Design Entry HDL and then run Packager.
      #575 ERROR(SPCODD-575): Reference designator value 8TP_NCHG/ATB0_G has an invalid character. The list of invalid characters in reference designators is as follows: space, tab, asterisk, comma, semicolon, colon, backslash, the equal sign, double quotes, single quotes and braces. Update the reference designator in Design Entry HDL and then run Packager.
      #575 ERROR(SPCODD-575): Reference designator value 8TP_NCHG/ATB0_S has an invalid character. The list of invalid characters in reference designators is as follows: space, tab, asterisk, comma, semicolon, colon, backslash, the equal sign, double quotes, single quotes and braces. Update the reference designator in Design Entry HDL and then run Packager.
      #575 ERROR(SPCODD-575): Reference designator value 8TP_NPG/ATB1_F has an invalid character. The list of invalid characters in reference designators is as follows: space, tab, asterisk, comma, semicolon, colon, backslash, the equal sign, double quotes, single quotes and braces. Update the reference designator in Design Entry HDL and then run Packager.
      #575 ERROR(SPCODD-575): Reference designator value 8TP_NPG/ATB1_G has an invalid character. The list of invalid characters in reference designators is as follows: space, tab, asterisk, comma, semicolon, colon, backslash, the equal sign, double quotes, single quotes and braces. Update the reference designator in Design Entry HDL and then run Packager.
      #575 ERROR(SPCODD-575): Reference designator value 8TP_NPG/ATB1_S has an invalid character. The list of invalid characters in reference designators is as follows: space, tab, asterisk, comma, semicolon, colon, backslash, the equal sign, double quotes, single quotes and braces. Update the reference designator in Design Entry HDL and then run Packager.
      #575 ERROR(SPCODD-575): Reference designator value 9TP_AVSS2/TST has an invalid character. The list of invalid characters in reference designators is as follows: space, tab, asterisk, comma, semicolon, colon, backslash, the equal sign, double quotes, single quotes and braces. Update the reference designator in Design Entry HDL and then run Packager.
      #575 ERROR(SPCODD-575): Reference designator value 9TP_LSIN2/NCHGEN_F has an invalid character. The list of invalid characters in reference designators is as follows: space, tab, asterisk, comma, semicolon, colon, backslash, the equal sign, double quotes, single quotes and braces. Update the reference designator in Design Entry HDL and then run Packager.
      #575 ERROR(SPCODD-575): Reference designator value 9TP_LSIN2/NCHGEN_G has an invalid character. The list of invalid characters in reference designators is as follows: space, tab, asterisk, comma, semicolon, colon, backslash, the equal sign, double quotes, single quotes and braces. Update the reference designator in Design Entry HDL and then run Packager.
      #575 ERROR(SPCODD-575): Reference designator value 9TP_LSIN2/NCHGEN_S has an invalid character. The list of invalid characters in reference designators is as follows: space, tab, asterisk, comma, semicolon, colon, backslash, the equal sign, double quotes, single quotes and braces. Update the reference designator in Design Entry HDL and then run Packager.
      #575 ERROR(SPCODD-575): Reference designator value 9TP_LSOUT2/SUSPEND1_G has an invalid character. The list of invalid characters in reference designators is as follows: space, tab, asterisk, comma, semicolon, colon, backslash, the equal sign, double quotes, single quotes and braces. Update the reference designator in Design Entry HDL and then run Packager.
      #575 ERROR(SPCODD-575): Reference designator value 9TP_LSOUT2/SUSPEND1_S has an invalid character. The list of invalid characters in reference designators is as follows: space, tab, asterisk, comma, semicolon, colon, backslash, the equal sign, double quotes, single quotes and braces. Update the reference designator in Design Entry HDL and then run Packager.
      #575 ERROR(SPCODD-575): Reference designator value 9TP_LSOUT2/SUSPEND_F has an invalid character. The list of invalid characters in reference designators is as follows: space, tab, asterisk, comma, semicolon, colon, backslash, the equal sign, double quotes, single quotes and braces. Update the reference designator in Design Entry HDL and then run Packager.
      #575 ERROR(SPCODD-575): Reference designator value 9TP_NCHG/ATB0_F has an invalid character. The list of invalid characters in reference designators is as follows: space, tab, asterisk, comma, semicolon, colon, backslash, the equal sign, double quotes, single quotes and braces. Update the reference designator in Design Entry HDL and then run Packager.
      #575 ERROR(SPCODD-575): Reference designator value 9TP_NCHG/ATB0_G has an invalid character. The list of invalid characters in reference designators is as follows: space, tab, asterisk, comma, semicolon, colon, backslash, the equal sign, double quotes, single quotes and braces. Update the reference designator in Design Entry HDL and then run Packager.
      #575 ERROR(SPCODD-575): Reference designator value 9TP_NCHG/ATB0_S has an invalid character. The list of invalid characters in reference designators is as follows: space, tab, asterisk, comma, semicolon, colon, backslash, the equal sign, double quotes, single quotes and braces. Update the reference designator in Design Entry HDL and then run Packager.
      #575 ERROR(SPCODD-575): Reference designator value 9TP_NPG/ATB1_F has an invalid character. The list of invalid characters in reference designators is as follows: space, tab, asterisk, comma, semicolon, colon, backslash, the equal sign, double quotes, single quotes and braces. Update the reference designator in Design Entry HDL and then run Packager.
      #575 ERROR(SPCODD-575): Reference designator value 9TP_NPG/ATB1_G has an invalid character. The list of invalid characters in reference designators is as follows: space, tab, asterisk, comma, semicolon, colon, backslash, the equal sign, double quotes, single quotes and braces. Update the reference designator in Design Entry HDL and then run Packager.
      #575 ERROR(SPCODD-575): Reference designator value 9TP_NPG/ATB1_S has an invalid character. The list of invalid characters in reference designators is as follows: space, tab, asterisk, comma, semicolon, colon, backslash, the equal sign, double quotes, single quotes and braces. Update the reference designator in Design Entry HDL and then run Packager.
      
Loading... D:\GIT\HOMEOFFICE\PCB\TASK 2\038NC-GRIFFI-V9A_16\allegro/pstxnet.dat
packaging the design view...